threshold,accuracy,precision,recall,f1,roc_auc,pr_auc,fpr,fnr
0.05,0.24045623836126628,0.24027939464493597,1.0,0.38746010887929416,0.6921187443000456,0.5087150075029894,0.9996936274509803,0.0
0.06,0.24162011173184358,0.24055944055944056,1.0,0.3878241262683202,0.6921187443000456,0.5087150075029894,0.9981617647058824,0.0
0.07,0.24767225325884543,0.24202626641651032,1.0,0.38972809667673713,0.6921187443000456,0.5087150075029894,0.9901960784313726,0.0
0.08,0.25837988826815644,0.24466571834992887,1.0,0.3931428571428571,0.6921187443000456,0.5087150075029894,0.9761029411764706,0.0
0.09,0.27211359404096835,0.24813657129117575,1.0,0.3976112502408014,0.6921187443000456,0.5087150075029894,0.9580269607843137,0.0
0.1,0.2851489757914339,0.251523275651962,1.0,0.40194741966893865,0.6921187443000456,0.5087150075029894,0.9408700980392157,0.0
0.11,0.30121042830540035,0.2554617676266137,0.997093023255814,0.4067193675889328,0.6921187443000456,0.5087150075029894,0.9188112745098039,0.0029069767441860465
0.12,0.31890130353817503,0.25940040650406504,0.9893410852713178,0.4110305958132045,0.6921187443000456,0.5087150075029894,0.8930759803921569,0.01065891472868217
0.13,0.3438081936685289,0.2656700760555993,0.9815891472868217,0.4181630546955624,0.6921187443000456,0.5087150075029894,0.8578431372549019,0.018410852713178296
0.14,0.3719739292364991,0.27227993439037723,0.9651162790697675,0.42473347547974416,0.6921187443000456,0.5087150075029894,0.8155637254901961,0.03488372093023256
0.15,0.4047951582867784,0.2793053545586107,0.935077519379845,0.43013149097392467,0.6921187443000456,0.5087150075029894,0.7628676470588235,0.06492248062015504
0.16,0.43202979515828677,0.2832512315270936,0.8914728682170543,0.42990654205607476,0.6921187443000456,0.5087150075029894,0.7132352941176471,0.10852713178294573
0.17,0.46019553072625696,0.28936170212765955,0.8565891472868217,0.43259114264741866,0.6921187443000456,0.5087150075029894,0.6651348039215687,0.1434108527131783
0.18,0.4883612662942272,0.29658060013956733,0.8236434108527132,0.4361210877373012,0.6921187443000456,0.5087150075029894,0.6176470588235294,0.17635658914728683
0.19,0.5251396648044693,0.3089461713419257,0.7897286821705426,0.444141689373297,0.6921187443000456,0.5087150075029894,0.5585171568627451,0.21027131782945738
0.2,0.5470204841713222,0.314378554021121,0.75,0.4430452203777905,0.6921187443000456,0.5087150075029894,0.5171568627450981,0.25
0.21,0.5649441340782123,0.3187527067994803,0.7131782945736435,0.4405866507033822,0.6921187443000456,0.5087150075029894,0.48192401960784315,0.2868217054263566
0.22,0.5833333333333334,0.32421150278293137,0.6773255813953488,0.4385194479297365,0.6921187443000456,0.5087150075029894,0.44638480392156865,0.3226744186046512
0.23,0.6073091247672253,0.33434496712190187,0.6405038759689923,0.4393486208042539,0.6921187443000456,0.5087150075029894,0.40318627450980393,0.3594961240310077
0.24,0.6238361266294227,0.340958605664488,0.6065891472868217,0.43654114365411434,0.6921187443000456,0.5087150075029894,0.3707107843137255,0.39341085271317827
0.25,0.6347765363128491,0.34252199413489737,0.5658914728682171,0.4267446108878334,0.6921187443000456,0.5087150075029894,0.3434436274509804,0.43410852713178294
0.26,0.6492085661080075,0.35053492762743865,0.5397286821705426,0.4250286150324304,0.6921187443000456,0.5087150075029894,0.3161764705882353,0.46027131782945735
0.27,0.6610800744878957,0.3573351278600269,0.5145348837209303,0.4217633042096902,0.6921187443000456,0.5087150075029894,0.2925857843137255,0.48546511627906974
0.28,0.6715549348230913,0.36337418889689976,0.4883720930232558,0.41670111616370403,0.6921187443000456,0.5087150075029894,0.2705269607843137,0.5116279069767442
0.29,0.6824953445065177,0.3726993865030675,0.47093023255813954,0.4160958904109589,0.6921187443000456,0.5087150075029894,0.2506127450980392,0.5290697674418605
0.3,0.6987895716945997,0.39028475711892796,0.45155038759689925,0.41868823000898475,0.6921187443000456,0.5087150075029894,0.22303921568627452,0.5484496124031008
0.31,0.7099627560521415,0.4044642857142857,0.438953488372093,0.42100371747211895,0.6921187443000456,0.5087150075029894,0.20435049019607843,0.561046511627907
0.32,0.7199720670391061,0.41802492809204217,0.42248062015503873,0.4202409638554217,0.6921187443000456,0.5087150075029894,0.18596813725490197,0.5775193798449613
0.33,0.7269553072625698,0.4287158746208291,0.4108527131782946,0.4195942602671945,0.6921187443000456,0.5087150075029894,0.17310049019607843,0.5891472868217055
0.34,0.7344040968342644,0.44082519001085774,0.39341085271317827,0.4157706093189964,0.6921187443000456,0.5087150075029894,0.15778186274509803,0.6065891472868217
0.35,0.7460428305400373,0.46557759626604434,0.3866279069767442,0.4224457384859714,0.6921187443000456,0.5087150075029894,0.1403186274509804,0.6133720930232558
0.36,0.7511638733705773,0.47655259822560203,0.3643410852713178,0.41295991213618893,0.6921187443000456,0.5087150075029894,0.12653186274509803,0.6356589147286822
0.37,0.7586126629422719,0.4966261808367072,0.35658914728682173,0.41511562323745066,0.6921187443000456,0.5087150075029894,0.11427696078431372,0.6434108527131783
0.38,0.7662942271880819,0.5202312138728323,0.3488372093023256,0.4176334106728538,0.6921187443000456,0.5087150075029894,0.1017156862745098,0.6511627906976745
0.39,0.7704841713221602,0.5358255451713395,0.3333333333333333,0.4109916367980884,0.6921187443000456,0.5087150075029894,0.09129901960784313,0.6666666666666666
0.4,0.7746741154562383,0.5522875816993464,0.32751937984496127,0.41119221411192214,0.6921187443000456,0.5087150075029894,0.08394607843137254,0.6724806201550387
0.41,0.7797951582867784,0.5743944636678201,0.32170542635658916,0.4124223602484472,0.6921187443000456,0.5087150075029894,0.07536764705882353,0.6782945736434108
0.42,0.7832867783985102,0.5916515426497277,0.31589147286821706,0.4118761844598863,0.6921187443000456,0.5087150075029894,0.06893382352941177,0.6841085271317829
0.43,0.784683426443203,0.6015180265654649,0.3071705426356589,0.40667094291212313,0.6921187443000456,0.5087150075029894,0.06433823529411764,0.6928294573643411
0.44,0.7867783985102421,0.616,0.29844961240310075,0.402088772845953,0.6921187443000456,0.5087150075029894,0.058823529411764705,0.7015503875968992
0.45,0.7895716945996276,0.6350210970464135,0.2916666666666667,0.399734395750332,0.6921187443000456,0.5087150075029894,0.053002450980392156,0.7083333333333334
0.46,0.7907355679702048,0.6494382022471911,0.2800387596899225,0.3913337846987136,0.6921187443000456,0.5087150075029894,0.04779411764705882,0.7199612403100775
0.47,0.792364990689013,0.6635514018691588,0.2751937984496124,0.38904109589041097,0.6921187443000456,0.5087150075029894,0.04411764705882353,0.7248062015503876
0.48,0.7937616387337058,0.6798029556650246,0.26744186046511625,0.38386648122392214,0.6921187443000456,0.5087150075029894,0.03982843137254902,0.7325581395348837
0.49,0.7951582867783985,0.701058201058201,0.2567829457364341,0.375886524822695,0.6921187443000456,0.5087150075029894,0.03462009803921569,0.7432170542635659
0.5,0.7970204841713222,0.723463687150838,0.250968992248062,0.3726618705035971,0.6921187443000456,0.5087150075029894,0.030330882352941176,0.749031007751938
0.51,0.7965549348230913,0.7337278106508875,0.24031007751937986,0.362043795620438,0.6921187443000456,0.5087150075029894,0.027573529411764705,0.7596899224806202
0.52,0.7984171322160148,0.7577639751552795,0.2364341085271318,0.3604135893648449,0.6921187443000456,0.5087150075029894,0.02389705882352941,0.7635658914728682
0.53,0.797951582867784,0.7645161290322581,0.22965116279069767,0.353204172876304,0.6921187443000456,0.5087150075029894,0.022365196078431373,0.7703488372093024
0.54,0.7981843575418994,0.7777777777777778,0.2238372093023256,0.3476297968397291,0.6921187443000456,0.5087150075029894,0.02022058823529412,0.7761627906976745
0.55,0.7977188081936686,0.7900355871886121,0.21511627906976744,0.33815689261233817,0.6921187443000456,0.5087150075029894,0.018075980392156864,0.7848837209302325
0.56,0.7977188081936686,0.7985347985347986,0.21124031007751937,0.3340996168582375,0.6921187443000456,0.5087150075029894,0.01685049019607843,0.7887596899224806
0.57,0.797951582867784,0.8228346456692913,0.20251937984496124,0.3250388802488336,0.6921187443000456,0.5087150075029894,0.013786764705882353,0.7974806201550387
0.58,0.7986499068901304,0.8408163265306122,0.1996124031007752,0.3226311667971809,0.6921187443000456,0.5087150075029894,0.011948529411764705,0.8003875968992248
0.59,0.7972532588454376,0.8546255506607929,0.187984496124031,0.30818109610802225,0.6921187443000456,0.5087150075029894,0.01011029411764706,0.812015503875969
0.6,0.7953910614525139,0.8558139534883721,0.17829457364341086,0.2951082598235766,0.6921187443000456,0.5087150075029894,0.009497549019607842,0.8217054263565892
0.61,0.7937616387337058,0.8578431372549019,0.1695736434108527,0.28317152103559873,0.6921187443000456,0.5087150075029894,0.008884803921568627,0.8304263565891473
0.62,0.7930633147113594,0.8666666666666667,0.16375968992248063,0.2754686226568867,0.6921187443000456,0.5087150075029894,0.007965686274509803,0.8362403100775194
0.63,0.7921322160148976,0.8677248677248677,0.15891472868217055,0.26863226863226863,0.6921187443000456,0.5087150075029894,0.007659313725490196,0.8410852713178295
0.64,0.7921322160148976,0.8839779005524862,0.15503875968992248,0.26380873866446825,0.6921187443000456,0.5087150075029894,0.006433823529411764,0.8449612403100775
0.65,0.7914338919925512,0.8863636363636364,0.1511627906976744,0.2582781456953642,0.6921187443000456,0.5087150075029894,0.006127450980392157,0.8488372093023255
0.66,0.7907355679702048,0.893491124260355,0.14631782945736435,0.2514571190674438,0.6921187443000456,0.5087150075029894,0.0055147058823529415,0.8536821705426356
0.67,0.7905027932960894,0.9024390243902439,0.1434108527131783,0.24749163879598662,0.6921187443000456,0.5087150075029894,0.004901960784313725,0.8565891472868217
0.68,0.789804469273743,0.9056603773584906,0.13953488372093023,0.24181360201511334,0.6921187443000456,0.5087150075029894,0.004595588235294118,0.8604651162790697
0.69,0.789804469273743,0.9161290322580645,0.1375968992248062,0.2392586352148273,0.6921187443000456,0.5087150075029894,0.003982843137254902,0.8624031007751938
0.7,0.789804469273743,0.9215686274509803,0.13662790697674418,0.2379746835443038,0.6921187443000456,0.5087150075029894,0.003676470588235294,0.8633720930232558
0.71,0.7900372439478585,0.9333333333333333,0.13565891472868216,0.23688663282571912,0.6921187443000456,0.5087150075029894,0.0030637254901960784,0.8643410852713178
0.72,0.7893389199255121,0.9319727891156463,0.13275193798449614,0.23240033927056827,0.6921187443000456,0.5087150075029894,0.0030637254901960784,0.8672480620155039
0.73,0.7888733705772812,0.9310344827586207,0.1308139534883721,0.22939677145284623,0.6921187443000456,0.5087150075029894,0.0030637254901960784,0.8691860465116279
0.74,0.7888733705772812,0.9432624113475178,0.12887596899224807,0.226768968456948,0.6921187443000456,0.5087150075029894,0.0024509803921568627,0.8711240310077519
0.75,0.7891061452513967,0.9565217391304348,0.12790697674418605,0.22564102564102564,0.6921187443000456,0.5087150075029894,0.001838235294117647,0.872093023255814
0.76,0.7886405959031657,0.9558823529411765,0.12596899224806202,0.2226027397260274,0.6921187443000456,0.5087150075029894,0.001838235294117647,0.874031007751938
0.77,0.7877094972067039,0.9545454545454546,0.12209302325581395,0.21649484536082475,0.6921187443000456,0.5087150075029894,0.001838235294117647,0.877906976744186
0.78,0.7870111731843575,0.9606299212598425,0.1182170542635659,0.21052631578947367,0.6921187443000456,0.5087150075029894,0.0015318627450980392,0.8817829457364341
0.79,0.7860800744878957,0.959349593495935,0.11434108527131782,0.20432900432900433,0.6921187443000456,0.5087150075029894,0.0015318627450980392,0.8856589147286822
0.8,0.7858472998137802,0.9590163934426229,0.11337209302325581,0.2027729636048527,0.6921187443000456,0.5087150075029894,0.0015318627450980392,0.8866279069767442
0.81,0.784683426443203,0.9572649572649573,0.10852713178294573,0.19495213228894692,0.6921187443000456,0.5087150075029894,0.0015318627450980392,0.8914728682170543
0.82,0.784217877094972,0.9565217391304348,0.1065891472868217,0.1918047079337402,0.6921187443000456,0.5087150075029894,0.0015318627450980392,0.8934108527131783
0.83,0.7832867783985102,0.954954954954955,0.10271317829457365,0.18547681539807523,0.6921187443000456,0.5087150075029894,0.0015318627450980392,0.8972868217054264
0.84,0.7832867783985102,0.963302752293578,0.10174418604651163,0.18404907975460122,0.6921187443000456,0.5087150075029894,0.0012254901960784314,0.8982558139534884
0.85,0.7825884543761639,0.9622641509433962,0.09883720930232558,0.17926186291739896,0.6921187443000456,0.5087150075029894,0.0012254901960784314,0.9011627906976745
0.86,0.7818901303538175,0.9702970297029703,0.09496124031007752,0.17299205648720212,0.6921187443000456,0.5087150075029894,0.0009191176470588235,0.9050387596899225
0.87,0.7816573556797021,0.97,0.0939922480620155,0.17137809187279152,0.6921187443000456,0.5087150075029894,0.0009191176470588235,0.9060077519379846
0.88,0.7802607076350093,0.9782608695652174,0.0872093023255814,0.1601423487544484,0.6921187443000456,0.5087150075029894,0.0006127450980392157,0.9127906976744186
0.89,0.7793296089385475,0.9883720930232558,0.08236434108527131,0.1520572450805009,0.6921187443000456,0.5087150075029894,0.00030637254901960784,0.9176356589147286
0.9,0.7786312849162011,1.0,0.07848837209302326,0.14555256064690028,0.6921187443000456,0.5087150075029894,0.0,0.9215116279069767
0.91,0.7777001862197392,1.0,0.07461240310077519,0.1388638412984671,0.6921187443000456,0.5087150075029894,0.0,0.9253875968992248
0.92,0.7756052141527002,1.0,0.06589147286821706,0.12363636363636364,0.6921187443000456,0.5087150075029894,0.0,0.9341085271317829
0.93,0.7742085661080075,1.0,0.060077519379844964,0.113345521023766,0.6921187443000456,0.5087150075029894,0.0,0.939922480620155
0.94,0.7735102420856611,1.0,0.05717054263565891,0.10815765352887259,0.6921187443000456,0.5087150075029894,0.0,0.9428294573643411
0.95,0.7711824953445066,1.0,0.04748062015503876,0.09065679925994449,0.6921187443000456,0.5087150075029894,0.0,0.9525193798449613
