onset_idx,attack_type,onset_timestamp,t-20,t-19,t-18,t-17,t-16,t-15,t-14,t-13,t-12,t-11,t-10,t-9,t-8,t-7,t-6,t-5,t-4,t-3,t-2,t-1,t0
3046,Benign,2018-02-15 09:27:40,0.005905965808779001,0.0056521715596318245,0.00599188357591629,0.00615239143371582,0.006288499105721712,0.006330262869596481,0.005058488342911005,0.0039641656912863255,0.004487295635044575,0.006453576032072306,0.006911848671734333,0.007833038456737995,0.008903014473617077,0.01336890272796154,0.01688586175441742,0.01968887634575367,0.02373262494802475,0.03127749264240265,0.029670480638742447,0.02628902904689312,0.08457468450069427
3106,DoS attacks-GoldenEye,2018-02-15 09:37:40,0.008289437741041183,0.011012515984475613,0.01228933222591877,0.012850499711930752,0.01436355710029602,0.01602746918797493,0.021135086193680763,0.02691255509853363,0.025256197899580002,0.02711755596101284,0.02814648486673832,0.03510526940226555,0.03855540603399277,0.04003751277923584,0.04517359659075737,0.033640630543231964,0.0230474304407835,0.019498562440276146,0.0173936914652586,0.01586178131401539,0.055625125765800476
3176,DoS attacks-GoldenEye,2018-02-15 09:49:20,0.011074713431298733,0.00890806969255209,0.008165538311004639,0.01130338478833437,0.01622074283659458,0.012843508273363113,0.007479596417397261,0.008719075471162796,0.01057254895567894,0.011239827610552311,0.017650151625275612,0.01992420107126236,0.018408363685011864,0.017304789274930954,0.017704302445054054,0.018175818026065826,0.020868787541985512,0.020744774490594864,0.026853501796722412,0.030975937843322754,0.09012112766504288
3257,Benign,2018-02-15 10:02:50,0.010109523311257362,0.0124362176284194,0.01549625489860773,0.015105050057172775,0.011177567765116692,0.010307530872523785,0.011369960382580757,0.010005769319832325,0.010652657598257065,0.011041933670639992,0.012089008465409279,0.01420903392136097,0.011511072516441345,0.009533843956887722,0.011857644654810429,0.011447354219853878,0.0112590491771698,0.012000389397144318,0.016300756484270096,0.018815869465470314,0.019841259345412254
3601,DoS attacks-Slowloris,2018-02-15 11:00:10,0.019783660769462585,0.02670459821820259,0.034317873418331146,0.045178044587373734,0.03408794105052948,0.028952840715646744,0.022382840514183044,0.014697584323585033,0.013685441575944424,0.010597748681902885,0.009322299621999264,0.010288126766681671,0.008591936901211739,0.008280716836452484,0.00974543672055006,0.013147978112101555,0.012576360255479813,0.011323577724397182,0.010497013106942177,0.009995590895414352,0.2554498612880707
4589,DoS attacks-Hulk,2018-02-16 01:45:20,0.0017354656010866165,0.0013972930610179901,0.0012308054137974977,0.001139906351454556,0.005336073227226734,0.005165635608136654,0.00298149767331779,0.0019218727247789502,0.0014663389883935452,0.001252918504178524,0.001142529072239995,0.009336922317743301,0.006686327047646046,0.008086600340902805,0.004117786884307861,0.002267309231683612,0.001607644953764975,0.001327135949395597,0.008403761312365532,0.005360580049455166,0.5446959733963013
7630,DoS attacks-SlowHTTPTest,2018-02-16 10:12:10,0.004751015920192003,0.002917753765359521,0.015036307275295258,0.022931978106498718,0.014598269946873188,0.005618429742753506,0.0028179821092635393,0.001916231936775148,0.0015274930046871305,0.0013245586305856705,0.0012070672819390893,0.0011345796519890428,0.0010884160874411464,0.0010582871036604047,0.0010382536565884948,0.0010247549507766962,0.004878203850239515,0.004880861844867468,0.0028917621821165085,0.04083101451396942,0.7133316993713379
8720,DDOS attack-HOIC,2018-02-21 02:11:00,0.021986335515975952,0.03761101886630058,0.046644072979688644,0.01099443156272173,0.0030670934356749058,0.0016687456518411636,0.01002965122461319,0.00928537268191576,0.004470932297408581,0.009665737859904766,0.004390364047139883,0.0022291881032288074,0.0015509239165112376,0.0012825155863538384,0.008066164329648018,0.008357556536793709,0.018661728128790855,0.027661839500069618,0.045085277408361435,0.11006905138492584,0.3864721357822418
11587,DDOS attack-LOIC-UDP,2018-02-21 10:08:50,0.004862548783421516,0.0027648359537124634,0.012075461447238922,0.010718105360865593,0.004988000262528658,0.0027610245160758495,0.00973781943321228,0.026488063856959343,0.01213509775698185,0.004453993868082762,0.009157370775938034,0.004313305485993624,0.0021805043797940016,0.0015243224333971739,0.00888301432132721,0.00939332228153944,0.00479334220290184,0.0027317034546285868,0.009949651546776295,0.009441304951906204,0.5183812975883484
11594,DDOS attack-LOIC-UDP,2018-02-21 10:10:00,0.026488063856959343,0.01213509775698185,0.004453993868082762,0.009157370775938034,0.004313305485993624,0.0021805043797940016,0.0015243224333971739,0.00888301432132721,0.00939332228153944,0.00479334220290184,0.0027317034546285868,0.009949651546776295,0.009441304951906204,0.5183812975883484,0.928402304649353,0.9732131958007812,0.9785668849945068,0.9751921892166138,0.9208198189735413,0.8909920454025269,0.9363585710525513
11599,DDOS attack-LOIC-UDP,2018-02-21 10:10:50,0.0021805043797940016,0.0015243224333971739,0.00888301432132721,0.00939332228153944,0.00479334220290184,0.0027317034546285868,0.009949651546776295,0.009441304951906204,0.5183812975883484,0.928402304649353,0.9732131958007812,0.9785668849945068,0.9751921892166138,0.9208198189735413,0.8909920454025269,0.9363585710525513,0.8914401531219482,0.874851405620575,0.8795468807220459,0.8141500949859619,0.933271586894989
11606,DDOS attack-LOIC-UDP,2018-02-21 10:12:00,0.009441304951906204,0.5183812975883484,0.928402304649353,0.9732131958007812,0.9785668849945068,0.9751921892166138,0.9208198189735413,0.8909920454025269,0.9363585710525513,0.8914401531219482,0.874851405620575,0.8795468807220459,0.8141500949859619,0.933271586894989,0.9663469791412354,0.9731272459030151,0.9746862649917603,0.973574161529541,0.9156267642974854,0.8869134187698364,0.9413527250289917
11611,DDOS attack-LOIC-UDP,2018-02-21 10:12:50,0.9751921892166138,0.9208198189735413,0.8909920454025269,0.9363585710525513,0.8914401531219482,0.874851405620575,0.8795468807220459,0.8141500949859619,0.933271586894989,0.9663469791412354,0.9731272459030151,0.9746862649917603,0.973574161529541,0.9156267642974854,0.8869134187698364,0.9413527250289917,0.8978827595710754,0.8837583661079407,0.8707030415534973,0.8798077702522278,0.9618740081787109
11618,DDOS attack-LOIC-UDP,2018-02-21 10:14:00,0.8141500949859619,0.933271586894989,0.9663469791412354,0.9731272459030151,0.9746862649917603,0.973574161529541,0.9156267642974854,0.8869134187698364,0.9413527250289917,0.8978827595710754,0.8837583661079407,0.8707030415534973,0.8798077702522278,0.9618740081787109,0.9751297235488892,0.9774370193481445,0.9762411713600159,0.9731864333152771,0.9164080023765564,0.8873146772384644,0.9211249947547913
11623,DDOS attack-LOIC-UDP,2018-02-21 10:14:50,0.973574161529541,0.9156267642974854,0.8869134187698364,0.9413527250289917,0.8978827595710754,0.8837583661079407,0.8707030415534973,0.8798077702522278,0.9618740081787109,0.9751297235488892,0.9774370193481445,0.9762411713600159,0.9731864333152771,0.9164080023765564,0.8873146772384644,0.9211249947547913,0.9005610346794128,0.8924878835678101,0.9007165431976318,0.9036800265312195,0.9642931818962097
11630,Benign,2018-02-21 10:16:00,0.8798077702522278,0.9618740081787109,0.9751297235488892,0.9774370193481445,0.9762411713600159,0.9731864333152771,0.9164080023765564,0.8873146772384644,0.9211249947547913,0.9005610346794128,0.8924878835678101,0.9007165431976318,0.9036800265312195,0.9642931818962097,0.9752002358436584,0.9768536686897278,0.9769376516342163,0.9771080017089844,0.9242614507675171,0.8916202783584595,0.9296850562095642
11635,DDOS attack-LOIC-UDP,2018-02-21 10:16:50,0.9731864333152771,0.9164080023765564,0.8873146772384644,0.9211249947547913,0.9005610346794128,0.8924878835678101,0.9007165431976318,0.9036800265312195,0.9642931818962097,0.9752002358436584,0.9768536686897278,0.9769376516342163,0.9771080017089844,0.9242614507675171,0.8916202783584595,0.9296850562095642,0.8859672546386719,0.873274564743042,0.8703195452690125,0.875299870967865,0.9609711170196533
11642,Benign,2018-02-21 10:18:00,0.9036800265312195,0.9642931818962097,0.9752002358436584,0.9768536686897278,0.9769376516342163,0.9771080017089844,0.9242614507675171,0.8916202783584595,0.9296850562095642,0.8859672546386719,0.873274564743042,0.8703195452690125,0.875299870967865,0.9609711170196533,0.9748033881187439,0.9780951738357544,0.9786564111709595,0.977641761302948,0.9419177174568176,0.8970211148262024,0.9308359622955322
11647,DDOS attack-LOIC-UDP,2018-02-21 10:18:50,0.9771080017089844,0.9242614507675171,0.8916202783584595,0.9296850562095642,0.8859672546386719,0.873274564743042,0.8703195452690125,0.875299870967865,0.9609711170196533,0.9748033881187439,0.9780951738357544,0.9786564111709595,0.977641761302948,0.9419177174568176,0.8970211148262024,0.9308359622955322,0.8845768570899963,0.8778894543647766,0.8761435747146606,0.8702419996261597,0.9602369666099548
11654,Benign,2018-02-21 10:20:00,0.875299870967865,0.9609711170196533,0.9748033881187439,0.9780951738357544,0.9786564111709595,0.977641761302948,0.9419177174568176,0.8970211148262024,0.9308359622955322,0.8845768570899963,0.8778894543647766,0.8761435747146606,0.8702419996261597,0.9602369666099548,0.9747424125671387,0.9774488806724548,0.9790803790092468,0.978260338306427,0.9493455290794373,0.9039585590362549,0.9139276146888733
11659,DDOS attack-LOIC-UDP,2018-02-21 10:20:50,0.977641761302948,0.9419177174568176,0.8970211148262024,0.9308359622955322,0.8845768570899963,0.8778894543647766,0.8761435747146606,0.8702419996261597,0.9602369666099548,0.9747424125671387,0.9774488806724548,0.9790803790092468,0.978260338306427,0.9493455290794373,0.9039585590362549,0.9139276146888733,0.8760202527046204,0.8717213869094849,0.860651433467865,0.8395534157752991,0.9496248364448547
11666,Benign,2018-02-21 10:22:00,0.8702419996261597,0.9602369666099548,0.9747424125671387,0.9774488806724548,0.9790803790092468,0.978260338306427,0.9493455290794373,0.9039585590362549,0.9139276146888733,0.8760202527046204,0.8717213869094849,0.860651433467865,0.8395534157752991,0.9496248364448547,0.9710936546325684,0.975735068321228,0.9782600998878479,0.978570282459259,0.9431537985801697,0.8996646404266357,0.9160147309303284
11671,DDOS attack-LOIC-UDP,2018-02-21 10:22:50,0.978260338306427,0.9493455290794373,0.9039585590362549,0.9139276146888733,0.8760202527046204,0.8717213869094849,0.860651433467865,0.8395534157752991,0.9496248364448547,0.9710936546325684,0.975735068321228,0.9782600998878479,0.978570282459259,0.9431537985801697,0.8996646404266357,0.9160147309303284,0.8778581619262695,0.8729961514472961,0.875573992729187,0.8579010367393494,0.9523971080780029
11678,Benign,2018-02-21 10:24:00,0.8395534157752991,0.9496248364448547,0.9710936546325684,0.975735068321228,0.9782600998878479,0.978570282459259,0.9431537985801697,0.8996646404266357,0.9160147309303284,0.8778581619262695,0.8729961514472961,0.875573992729187,0.8579010367393494,0.9523971080780029,0.9719911217689514,0.9768373966217041,0.9789815545082092,0.9786050319671631,0.9482247829437256,0.902953028678894,0.9391122460365295
11683,DDOS attack-LOIC-UDP,2018-02-21 10:24:50,0.978570282459259,0.9431537985801697,0.8996646404266357,0.9160147309303284,0.8778581619262695,0.8729961514472961,0.875573992729187,0.8579010367393494,0.9523971080780029,0.9719911217689514,0.9768373966217041,0.9789815545082092,0.9786050319671631,0.9482247829437256,0.902953028678894,0.9391122460365295,0.8891419768333435,0.874468982219696,0.8727956414222717,0.8755388855934143,0.9592664837837219
11690,Benign,2018-02-21 10:26:00,0.8579010367393494,0.9523971080780029,0.9719911217689514,0.9768373966217041,0.9789815545082092,0.9786050319671631,0.9482247829437256,0.902953028678894,0.9391122460365295,0.8891419768333435,0.874468982219696,0.8727956414222717,0.8755388855934143,0.9592664837837219,0.9743622541427612,0.9773867130279541,0.9794274568557739,0.9795641303062439,0.9462725520133972,0.9104817509651184,0.930561900138855
11695,DDOS attack-LOIC-UDP,2018-02-21 10:26:50,0.9786050319671631,0.9482247829437256,0.902953028678894,0.9391122460365295,0.8891419768333435,0.874468982219696,0.8727956414222717,0.8755388855934143,0.9592664837837219,0.9743622541427612,0.9773867130279541,0.9794274568557739,0.9795641303062439,0.9462725520133972,0.9104817509651184,0.930561900138855,0.8836360573768616,0.8686084747314453,0.8700779676437378,0.8716707229614258,0.9533356428146362
11702,DDOS attack-LOIC-UDP,2018-02-21 10:28:00,0.8755388855934143,0.9592664837837219,0.9743622541427612,0.9773867130279541,0.9794274568557739,0.9795641303062439,0.9462725520133972,0.9104817509651184,0.930561900138855,0.8836360573768616,0.8686084747314453,0.8700779676437378,0.8716707229614258,0.9533356428146362,0.9727259874343872,0.9769277572631836,0.979160487651825,0.9794235825538635,0.9386496543884277,0.8979346752166748,0.9219602942466736
11707,DDOS attack-LOIC-UDP,2018-02-21 10:28:50,0.9795641303062439,0.9462725520133972,0.9104817509651184,0.930561900138855,0.8836360573768616,0.8686084747314453,0.8700779676437378,0.8716707229614258,0.9533356428146362,0.9727259874343872,0.9769277572631836,0.979160487651825,0.9794235825538635,0.9386496543884277,0.8979346752166748,0.9219602942466736,0.8808076977729797,0.8693087100982666,0.8690255284309387,0.8694669008255005,0.9508073329925537
11714,Benign,2018-02-21 10:30:00,0.8716707229614258,0.9533356428146362,0.9727259874343872,0.9769277572631836,0.979160487651825,0.9794235825538635,0.9386496543884277,0.8979346752166748,0.9219602942466736,0.8808076977729797,0.8693087100982666,0.8690255284309387,0.8694669008255005,0.9508073329925537,0.9714492559432983,0.9764812588691711,0.9780523180961609,0.9795541763305664,0.953886091709137,0.9042943716049194,0.9065132737159729
11719,Benign,2018-02-21 10:30:50,0.9794235825538635,0.9386496543884277,0.8979346752166748,0.9219602942466736,0.8808076977729797,0.8693087100982666,0.8690255284309387,0.8694669008255005,0.9508073329925537,0.9714492559432983,0.9764812588691711,0.9780523180961609,0.9795541763305664,0.953886091709137,0.9042943716049194,0.9065132737159729,0.8739899396896362,0.8652464747428894,0.8678339719772339,0.8667798042297363,0.9492061138153076
11726,DDOS attack-LOIC-UDP,2018-02-21 10:32:00,0.8694669008255005,0.9508073329925537,0.9714492559432983,0.9764812588691711,0.9780523180961609,0.9795541763305664,0.953886091709137,0.9042943716049194,0.9065132737159729,0.8739899396896362,0.8652464747428894,0.8678339719772339,0.8667798042297363,0.9492061138153076,0.970622718334198,0.9765958786010742,0.9784320592880249,0.979677140712738,0.9595716595649719,0.9195534586906433,0.9115636348724365
11731,Benign,2018-02-21 10:32:50,0.9795541763305664,0.953886091709137,0.9042943716049194,0.9065132737159729,0.8739899396896362,0.8652464747428894,0.8678339719772339,0.8667798042297363,0.9492061138153076,0.970622718334198,0.9765958786010742,0.9784320592880249,0.979677140712738,0.9595716595649719,0.9195534586906433,0.9115636348724365,0.883215606212616,0.8697919845581055,0.8694973587989807,0.8727664947509766,0.9382610321044922
11738,DDOS attack-LOIC-UDP,2018-02-21 10:34:00,0.8667798042297363,0.9492061138153076,0.970622718334198,0.9765958786010742,0.9784320592880249,0.979677140712738,0.9595716595649719,0.9195534586906433,0.9115636348724365,0.883215606212616,0.8697919845581055,0.8694973587989807,0.8727664947509766,0.9382610321044922,0.9690796136856079,0.9759020209312439,0.9785470366477966,0.9784295558929443,0.9548810720443726,0.9065185189247131,0.9227080345153809
11743,Benign,2018-02-21 10:34:50,0.979677140712738,0.9595716595649719,0.9195534586906433,0.9115636348724365,0.883215606212616,0.8697919845581055,0.8694973587989807,0.8727664947509766,0.9382610321044922,0.9690796136856079,0.9759020209312439,0.9785470366477966,0.9784295558929443,0.9548810720443726,0.9065185189247131,0.9227080345153809,0.8885520100593567,0.8691033124923706,0.8677306175231934,0.8700416088104248,0.9437510967254639
11750,DDOS attack-LOIC-UDP,2018-02-21 10:36:00,0.8727664947509766,0.9382610321044922,0.9690796136856079,0.9759020209312439,0.9785470366477966,0.9784295558929443,0.9548810720443726,0.9065185189247131,0.9227080345153809,0.8885520100593567,0.8691033124923706,0.8677306175231934,0.8700416088104248,0.9437510967254639,0.9701464772224426,0.9756248593330383,0.9770057201385498,0.9789374470710754,0.9680773615837097,0.9153244495391846,0.9251145124435425
11755,Benign,2018-02-21 10:36:50,0.9784295558929443,0.9548810720443726,0.9065185189247131,0.9227080345153809,0.8885520100593567,0.8691033124923706,0.8677306175231934,0.8700416088104248,0.9437510967254639,0.9701464772224426,0.9756248593330383,0.9770057201385498,0.9789374470710754,0.9680773615837097,0.9153244495391846,0.9251145124435425,0.8945893049240112,0.8722853064537048,0.8704171776771545,0.8689790964126587,0.9436591267585754
11762,DDOS attack-LOIC-UDP,2018-02-21 10:38:00,0.8700416088104248,0.9437510967254639,0.9701464772224426,0.9756248593330383,0.9770057201385498,0.9789374470710754,0.9680773615837097,0.9153244495391846,0.9251145124435425,0.8945893049240112,0.8722853064537048,0.8704171776771545,0.8689790964126587,0.9436591267585754,0.9698628783226013,0.9750130772590637,0.9781972765922546,0.9776955246925354,0.9651907682418823,0.9222130179405212,0.9327288866043091
11767,Benign,2018-02-21 10:38:50,0.9789374470710754,0.9680773615837097,0.9153244495391846,0.9251145124435425,0.8945893049240112,0.8722853064537048,0.8704171776771545,0.8689790964126587,0.9436591267585754,0.9698628783226013,0.9750130772590637,0.9781972765922546,0.9776955246925354,0.9651907682418823,0.9222130179405212,0.9327288866043091,0.8897855281829834,0.8669448494911194,0.8740941286087036,0.8766729235649109,0.9405035376548767
11774,Benign,2018-02-21 10:40:00,0.8689790964126587,0.9436591267585754,0.9698628783226013,0.9750130772590637,0.9781972765922546,0.9776955246925354,0.9651907682418823,0.9222130179405212,0.9327288866043091,0.8897855281829834,0.8669448494911194,0.8740941286087036,0.8766729235649109,0.9405035376548767,0.9697631001472473,0.9760922193527222,0.9783118963241577,0.9788891077041626,0.9523584842681885,0.9145076870918274,0.9039411544799805
11779,Benign,2018-02-21 10:40:50,0.9776955246925354,0.9651907682418823,0.9222130179405212,0.9327288866043091,0.8897855281829834,0.8669448494911194,0.8740941286087036,0.8766729235649109,0.9405035376548767,0.9697631001472473,0.9760922193527222,0.9783118963241577,0.9788891077041626,0.9523584842681885,0.9145076870918274,0.9039411544799805,0.8991590142250061,0.86894291639328,0.8724310994148254,0.8717276453971863,0.944922685623169
11786,DDOS attack-LOIC-UDP,2018-02-21 10:42:00,0.8766729235649109,0.9405035376548767,0.9697631001472473,0.9760922193527222,0.9783118963241577,0.9788891077041626,0.9523584842681885,0.9145076870918274,0.9039411544799805,0.8991590142250061,0.86894291639328,0.8724310994148254,0.8717276453971863,0.944922685623169,0.9700279831886292,0.9745017886161804,0.9769895076751709,0.9748879671096802,0.9515088796615601,0.9149308800697327,0.9638321399688721
11789,DDOS attack-LOIC-UDP,2018-02-21 10:42:30,0.9760922193527222,0.9783118963241577,0.9788891077041626,0.9523584842681885,0.9145076870918274,0.9039411544799805,0.8991590142250061,0.86894291639328,0.8724310994148254,0.8717276453971863,0.944922685623169,0.9700279831886292,0.9745017886161804,0.9769895076751709,0.9748879671096802,0.9515088796615601,0.9149308800697327,0.9638321399688721,0.962683916091919,0.9489564299583435,0.9311478137969971
11791,Benign,2018-02-21 10:42:50,0.9788891077041626,0.9523584842681885,0.9145076870918274,0.9039411544799805,0.8991590142250061,0.86894291639328,0.8724310994148254,0.8717276453971863,0.944922685623169,0.9700279831886292,0.9745017886161804,0.9769895076751709,0.9748879671096802,0.9515088796615601,0.9149308800697327,0.9638321399688721,0.962683916091919,0.9489564299583435,0.9311478137969971,0.901427149772644,0.8823631405830383
11801,Benign,2018-02-23 01:01:00,0.9745017886161804,0.9769895076751709,0.9748879671096802,0.9515088796615601,0.9149308800697327,0.9638321399688721,0.962683916091919,0.9489564299583435,0.9311478137969971,0.901427149772644,0.8823631405830383,0.8843233585357666,0.8782817721366882,0.8329213857650757,0.7755956053733826,0.7019633650779724,0.5931209325790405,0.5008254051208496,0.4132746756076813,0.3012569546699524,0.2674744725227356
11806,Benign,2018-02-23 01:01:50,0.9638321399688721,0.962683916091919,0.9489564299583435,0.9311478137969971,0.901427149772644,0.8823631405830383,0.8843233585357666,0.8782817721366882,0.8329213857650757,0.7755956053733826,0.7019633650779724,0.5931209325790405,0.5008254051208496,0.4132746756076813,0.3012569546699524,0.2674744725227356,0.30657681822776794,0.3613881468772888,0.3860888183116913,0.43021008372306824,0.465061217546463
11812,Benign,2018-02-23 01:02:50,0.8843233585357666,0.8782817721366882,0.8329213857650757,0.7755956053733826,0.7019633650779724,0.5931209325790405,0.5008254051208496,0.4132746756076813,0.3012569546699524,0.2674744725227356,0.30657681822776794,0.3613881468772888,0.3860888183116913,0.43021008372306824,0.465061217546463,0.49975085258483887,0.5085015892982483,0.45707061886787415,0.4168877899646759,0.3944905996322632,0.411948025226593
11818,Benign,2018-02-23 01:03:50,0.5008254051208496,0.4132746756076813,0.3012569546699524,0.2674744725227356,0.30657681822776794,0.3613881468772888,0.3860888183116913,0.43021008372306824,0.465061217546463,0.49975085258483887,0.5085015892982483,0.45707061886787415,0.4168877899646759,0.3944905996322632,0.411948025226593,0.44946354627609253,0.4637005031108856,0.4940491020679474,0.47564423084259033,0.4594830274581909,0.45625829696655273
11823,Benign,2018-02-23 01:04:40,0.3613881468772888,0.3860888183116913,0.43021008372306824,0.465061217546463,0.49975085258483887,0.5085015892982483,0.45707061886787415,0.4168877899646759,0.3944905996322632,0.411948025226593,0.44946354627609253,0.4637005031108856,0.4940491020679474,0.47564423084259033,0.4594830274581909,0.45625829696655273,0.45017269253730774,0.47782546281814575,0.4411541521549225,0.3564402759075165,0.31735363602638245
11829,Benign,2018-02-23 01:05:40,0.45707061886787415,0.4168877899646759,0.3944905996322632,0.411948025226593,0.44946354627609253,0.4637005031108856,0.4940491020679474,0.47564423084259033,0.4594830274581909,0.45625829696655273,0.45017269253730774,0.47782546281814575,0.4411541521549225,0.3564402759075165,0.31735363602638245,0.32413873076438904,0.2942810654640198,0.341768354177475,0.36473217606544495,0.4227088391780853,0.4212527275085449
11835,Benign,2018-02-23 01:06:40,0.4940491020679474,0.47564423084259033,0.4594830274581909,0.45625829696655273,0.45017269253730774,0.47782546281814575,0.4411541521549225,0.3564402759075165,0.31735363602638245,0.32413873076438904,0.2942810654640198,0.341768354177475,0.36473217606544495,0.4227088391780853,0.4212527275085449,0.4466805160045624,0.453745037317276,0.4593246877193451,0.4135333299636841,0.35819584131240845,0.3438076376914978
11841,Benign,2018-02-23 01:07:40,0.4411541521549225,0.3564402759075165,0.31735363602638245,0.32413873076438904,0.2942810654640198,0.341768354177475,0.36473217606544495,0.4227088391780853,0.4212527275085449,0.4466805160045624,0.453745037317276,0.4593246877193451,0.4135333299636841,0.35819584131240845,0.3438076376914978,0.33308205008506775,0.34955620765686035,0.4085575044155121,0.472715824842453,0.5112861394882202,0.5505577325820923
11846,Benign,2018-02-23 01:08:30,0.341768354177475,0.36473217606544495,0.4227088391780853,0.4212527275085449,0.4466805160045624,0.453745037317276,0.4593246877193451,0.4135333299636841,0.35819584131240845,0.3438076376914978,0.33308205008506775,0.34955620765686035,0.4085575044155121,0.472715824842453,0.5112861394882202,0.5505577325820923,0.5868333578109741,0.583475649356842,0.6057688593864441,0.6168791055679321,0.6000301241874695
11852,Benign,2018-02-23 01:09:30,0.4593246877193451,0.4135333299636841,0.35819584131240845,0.3438076376914978,0.33308205008506775,0.34955620765686035,0.4085575044155121,0.472715824842453,0.5112861394882202,0.5505577325820923,0.5868333578109741,0.583475649356842,0.6057688593864441,0.6168791055679321,0.6000301241874695,0.5761575102806091,0.5880789160728455,0.5717063546180725,0.5660754442214966,0.5898801684379578,0.6031945943832397
11858,Benign,2018-02-23 01:10:30,0.4085575044155121,0.472715824842453,0.5112861394882202,0.5505577325820923,0.5868333578109741,0.583475649356842,0.6057688593864441,0.6168791055679321,0.6000301241874695,0.5761575102806091,0.5880789160728455,0.5717063546180725,0.5660754442214966,0.5898801684379578,0.6031945943832397,0.5645044445991516,0.5332915186882019,0.4837583601474762,0.46711379289627075,0.4862174689769745,0.48367467522621155
11864,Benign,2018-02-23 01:11:30,0.6057688593864441,0.6168791055679321,0.6000301241874695,0.5761575102806091,0.5880789160728455,0.5717063546180725,0.5660754442214966,0.5898801684379578,0.6031945943832397,0.5645044445991516,0.5332915186882019,0.4837583601474762,0.46711379289627075,0.4862174689769745,0.48367467522621155,0.44300583004951477,0.45454084873199463,0.5031554102897644,0.5032930374145508,0.498538613319397,0.5023650527000427
11869,Benign,2018-02-23 01:12:20,0.5717063546180725,0.5660754442214966,0.5898801684379578,0.6031945943832397,0.5645044445991516,0.5332915186882019,0.4837583601474762,0.46711379289627075,0.4862174689769745,0.48367467522621155,0.44300583004951477,0.45454084873199463,0.5031554102897644,0.5032930374145508,0.498538613319397,0.5023650527000427,0.45943230390548706,0.38865935802459717,0.3308108150959015,0.32129862904548645,0.2951994240283966
11875,Benign,2018-02-23 01:13:20,0.4837583601474762,0.46711379289627075,0.4862174689769745,0.48367467522621155,0.44300583004951477,0.45454084873199463,0.5031554102897644,0.5032930374145508,0.498538613319397,0.5023650527000427,0.45943230390548706,0.38865935802459717,0.3308108150959015,0.32129862904548645,0.2951994240283966,0.2458420842885971,0.18553560972213745,0.16179420053958893,0.1750434935092926,0.2053956687450409,0.21693016588687897
11881,Benign,2018-02-23 01:14:20,0.5031554102897644,0.5032930374145508,0.498538613319397,0.5023650527000427,0.45943230390548706,0.38865935802459717,0.3308108150959015,0.32129862904548645,0.2951994240283966,0.2458420842885971,0.18553560972213745,0.16179420053958893,0.1750434935092926,0.2053956687450409,0.21693016588687897,0.2566577196121216,0.26229971647262573,0.25898417830467224,0.22044922411441803,0.19715750217437744,0.1759375035762787
11887,Benign,2018-02-23 01:15:20,0.3308108150959015,0.32129862904548645,0.2951994240283966,0.2458420842885971,0.18553560972213745,0.16179420053958893,0.1750434935092926,0.2053956687450409,0.21693016588687897,0.2566577196121216,0.26229971647262573,0.25898417830467224,0.22044922411441803,0.19715750217437744,0.1759375035762787,0.2147958129644394,0.23651891946792603,0.27325204014778137,0.3079812228679657,0.3477236330509186,0.3977707624435425
11892,Benign,2018-02-23 01:16:10,0.16179420053958893,0.1750434935092926,0.2053956687450409,0.21693016588687897,0.2566577196121216,0.26229971647262573,0.25898417830467224,0.22044922411441803,0.19715750217437744,0.1759375035762787,0.2147958129644394,0.23651891946792603,0.27325204014778137,0.3079812228679657,0.3477236330509186,0.3977707624435425,0.4015955328941345,0.42386889457702637,0.4207807183265686,0.3942819833755493,0.39039573073387146
11898,Benign,2018-02-23 01:17:10,0.25898417830467224,0.22044922411441803,0.19715750217437744,0.1759375035762787,0.2147958129644394,0.23651891946792603,0.27325204014778137,0.3079812228679657,0.3477236330509186,0.3977707624435425,0.4015955328941345,0.42386889457702637,0.4207807183265686,0.3942819833755493,0.39039573073387146,0.3923977315425873,0.4054662883281708,0.44590336084365845,0.43113479018211365,0.438282310962677,0.43637266755104065
11904,Benign,2018-02-23 01:18:10,0.27325204014778137,0.3079812228679657,0.3477236330509186,0.3977707624435425,0.4015955328941345,0.42386889457702637,0.4207807183265686,0.3942819833755493,0.39039573073387146,0.3923977315425873,0.4054662883281708,0.44590336084365845,0.43113479018211365,0.438282310962677,0.43637266755104065,0.39976537227630615,0.3975085914134979,0.3854238986968994,0.3120502829551697,0.2624485194683075,0.2521527409553528
11910,Benign,2018-02-23 01:19:10,0.4207807183265686,0.3942819833755493,0.39039573073387146,0.3923977315425873,0.4054662883281708,0.44590336084365845,0.43113479018211365,0.438282310962677,0.43637266755104065,0.39976537227630615,0.3975085914134979,0.3854238986968994,0.3120502829551697,0.2624485194683075,0.2521527409553528,0.23798687756061554,0.2520504593849182,0.3032766580581665,0.36332857608795166,0.37682437896728516,0.3958609104156494
11915,Benign,2018-02-23 01:20:00,0.44590336084365845,0.43113479018211365,0.438282310962677,0.43637266755104065,0.39976537227630615,0.3975085914134979,0.3854238986968994,0.3120502829551697,0.2624485194683075,0.2521527409553528,0.23798687756061554,0.2520504593849182,0.3032766580581665,0.36332857608795166,0.37682437896728516,0.3958609104156494,0.4057123064994812,0.43420490622520447,0.471384197473526,0.4777982234954834,0.49229907989501953
11921,Benign,2018-02-23 01:21:00,0.3854238986968994,0.3120502829551697,0.2624485194683075,0.2521527409553528,0.23798687756061554,0.2520504593849182,0.3032766580581665,0.36332857608795166,0.37682437896728516,0.3958609104156494,0.4057123064994812,0.43420490622520447,0.471384197473526,0.4777982234954834,0.49229907989501953,0.49594685435295105,0.5264760255813599,0.5504319071769714,0.5248021483421326,0.5003266334533691,0.5256273746490479
11927,Benign,2018-02-23 01:22:00,0.3032766580581665,0.36332857608795166,0.37682437896728516,0.3958609104156494,0.4057123064994812,0.43420490622520447,0.471384197473526,0.4777982234954834,0.49229907989501953,0.49594685435295105,0.5264760255813599,0.5504319071769714,0.5248021483421326,0.5003266334533691,0.5256273746490479,0.519278347492218,0.4837922751903534,0.4298199713230133,0.42458924651145935,0.464206337928772,0.48921528458595276
11933,Benign,2018-02-23 01:23:00,0.471384197473526,0.4777982234954834,0.49229907989501953,0.49594685435295105,0.5264760255813599,0.5504319071769714,0.5248021483421326,0.5003266334533691,0.5256273746490479,0.519278347492218,0.4837922751903534,0.4298199713230133,0.42458924651145935,0.464206337928772,0.48921528458595276,0.4890980124473572,0.5065888166427612,0.5187792181968689,0.5350821614265442,0.5207046270370483,0.5699504613876343
11938,Benign,2018-02-23 01:23:50,0.5504319071769714,0.5248021483421326,0.5003266334533691,0.5256273746490479,0.519278347492218,0.4837922751903534,0.4298199713230133,0.42458924651145935,0.464206337928772,0.48921528458595276,0.4890980124473572,0.5065888166427612,0.5187792181968689,0.5350821614265442,0.5207046270370483,0.5699504613876343,0.5743743181228638,0.6113500595092773,0.646763026714325,0.6581493616104126,0.6521913409233093
11944,Benign,2018-02-23 01:24:50,0.4298199713230133,0.42458924651145935,0.464206337928772,0.48921528458595276,0.4890980124473572,0.5065888166427612,0.5187792181968689,0.5350821614265442,0.5207046270370483,0.5699504613876343,0.5743743181228638,0.6113500595092773,0.646763026714325,0.6581493616104126,0.6521913409233093,0.6720454096794128,0.6596382260322571,0.6609323620796204,0.6698001623153687,0.6776355504989624,0.6876885890960693
11950,Benign,2018-02-23 01:25:50,0.5187792181968689,0.5350821614265442,0.5207046270370483,0.5699504613876343,0.5743743181228638,0.6113500595092773,0.646763026714325,0.6581493616104126,0.6521913409233093,0.6720454096794128,0.6596382260322571,0.6609323620796204,0.6698001623153687,0.6776355504989624,0.6876885890960693,0.6265527009963989,0.613863468170166,0.6003930568695068,0.5906163454055786,0.55914705991745,0.529619574546814
11956,Benign,2018-02-23 01:26:50,0.646763026714325,0.6581493616104126,0.6521913409233093,0.6720454096794128,0.6596382260322571,0.6609323620796204,0.6698001623153687,0.6776355504989624,0.6876885890960693,0.6265527009963989,0.613863468170166,0.6003930568695068,0.5906163454055786,0.55914705991745,0.529619574546814,0.5327188968658447,0.5372508764266968,0.481547474861145,0.4462767243385315,0.465431809425354,0.5041950345039368
11962,Benign,2018-02-23 01:27:50,0.6698001623153687,0.6776355504989624,0.6876885890960693,0.6265527009963989,0.613863468170166,0.6003930568695068,0.5906163454055786,0.55914705991745,0.529619574546814,0.5327188968658447,0.5372508764266968,0.481547474861145,0.4462767243385315,0.465431809425354,0.5041950345039368,0.48519521951675415,0.4301874041557312,0.3603980541229248,0.30904701352119446,0.3200366199016571,0.2913936376571655
11967,Benign,2018-02-23 01:28:40,0.6003930568695068,0.5906163454055786,0.55914705991745,0.529619574546814,0.5327188968658447,0.5372508764266968,0.481547474861145,0.4462767243385315,0.465431809425354,0.5041950345039368,0.48519521951675415,0.4301874041557312,0.3603980541229248,0.30904701352119446,0.3200366199016571,0.2913936376571655,0.3300096094608307,0.328571081161499,0.3658100664615631,0.3647187352180481,0.3703615665435791
11973,Benign,2018-02-23 01:29:40,0.481547474861145,0.4462767243385315,0.465431809425354,0.5041950345039368,0.48519521951675415,0.4301874041557312,0.3603980541229248,0.30904701352119446,0.3200366199016571,0.2913936376571655,0.3300096094608307,0.328571081161499,0.3658100664615631,0.3647187352180481,0.3703615665435791,0.36595743894577026,0.3141000270843506,0.24272435903549194,0.19752144813537598,0.19469627737998962,0.2074236273765564
11979,Benign,2018-02-23 01:30:40,0.3603980541229248,0.30904701352119446,0.3200366199016571,0.2913936376571655,0.3300096094608307,0.328571081161499,0.3658100664615631,0.3647187352180481,0.3703615665435791,0.36595743894577026,0.3141000270843506,0.24272435903549194,0.19752144813537598,0.19469627737998962,0.2074236273765564,0.24154308438301086,0.2846323251724243,0.29875582456588745,0.3565187454223633,0.4170803725719452,0.4340067207813263
11985,Benign,2018-02-23 01:31:40,0.3658100664615631,0.3647187352180481,0.3703615665435791,0.36595743894577026,0.3141000270843506,0.24272435903549194,0.19752144813537598,0.19469627737998962,0.2074236273765564,0.24154308438301086,0.2846323251724243,0.29875582456588745,0.3565187454223633,0.4170803725719452,0.4340067207813263,0.44811543822288513,0.435627281665802,0.44068852066993713,0.42660391330718994,0.3868826925754547,0.32432788610458374
11990,Benign,2018-02-23 01:32:30,0.24272435903549194,0.19752144813537598,0.19469627737998962,0.2074236273765564,0.24154308438301086,0.2846323251724243,0.29875582456588745,0.3565187454223633,0.4170803725719452,0.4340067207813263,0.44811543822288513,0.435627281665802,0.44068852066993713,0.42660391330718994,0.3868826925754547,0.32432788610458374,0.2491786777973175,0.20595674216747284,0.17132629454135895,0.15478955209255219,0.11619308590888977
11996,Benign,2018-02-23 01:33:30,0.29875582456588745,0.3565187454223633,0.4170803725719452,0.4340067207813263,0.44811543822288513,0.435627281665802,0.44068852066993713,0.42660391330718994,0.3868826925754547,0.32432788610458374,0.2491786777973175,0.20595674216747284,0.17132629454135895,0.15478955209255219,0.11619308590888977,0.11488799750804901,0.13030099868774414,0.16153426468372345,0.15274976193904877,0.13135398924350739,0.12210327386856079
12002,Benign,2018-02-23 01:34:30,0.44068852066993713,0.42660391330718994,0.3868826925754547,0.32432788610458374,0.2491786777973175,0.20595674216747284,0.17132629454135895,0.15478955209255219,0.11619308590888977,0.11488799750804901,0.13030099868774414,0.16153426468372345,0.15274976193904877,0.13135398924350739,0.12210327386856079,0.13422900438308716,0.12877750396728516,0.1402382254600525,0.14508949220180511,0.10131312161684036,0.06922710686922073
12008,Benign,2018-02-23 01:35:30,0.17132629454135895,0.15478955209255219,0.11619308590888977,0.11488799750804901,0.13030099868774414,0.16153426468372345,0.15274976193904877,0.13135398924350739,0.12210327386856079,0.13422900438308716,0.12877750396728516,0.1402382254600525,0.14508949220180511,0.10131312161684036,0.06922710686922073,0.0730411633849144,0.10477616637945175,0.11085499823093414,0.1256062388420105,0.16153572499752045,0.2352079302072525
12013,Benign,2018-02-23 01:36:20,0.16153426468372345,0.15274976193904877,0.13135398924350739,0.12210327386856079,0.13422900438308716,0.12877750396728516,0.1402382254600525,0.14508949220180511,0.10131312161684036,0.06922710686922073,0.0730411633849144,0.10477616637945175,0.11085499823093414,0.1256062388420105,0.16153572499752045,0.2352079302072525,0.3028898537158966,0.3401460647583008,0.3634923994541168,0.40920406579971313,0.41047224402427673
12019,Benign,2018-02-23 01:37:20,0.1402382254600525,0.14508949220180511,0.10131312161684036,0.06922710686922073,0.0730411633849144,0.10477616637945175,0.11085499823093414,0.1256062388420105,0.16153572499752045,0.2352079302072525,0.3028898537158966,0.3401460647583008,0.3634923994541168,0.40920406579971313,0.41047224402427673,0.4438234567642212,0.4670102894306183,0.43837594985961914,0.36851879954338074,0.3217122554779053,0.3047281801700592
12025,Benign,2018-02-23 01:38:20,0.11085499823093414,0.1256062388420105,0.16153572499752045,0.2352079302072525,0.3028898537158966,0.3401460647583008,0.3634923994541168,0.40920406579971313,0.41047224402427673,0.4438234567642212,0.4670102894306183,0.43837594985961914,0.36851879954338074,0.3217122554779053,0.3047281801700592,0.31869614124298096,0.3275042474269867,0.3678317070007324,0.3966023623943329,0.4537498652935028,0.4831879138946533
12031,Benign,2018-02-23 01:39:20,0.3634923994541168,0.40920406579971313,0.41047224402427673,0.4438234567642212,0.4670102894306183,0.43837594985961914,0.36851879954338074,0.3217122554779053,0.3047281801700592,0.31869614124298096,0.3275042474269867,0.3678317070007324,0.3966023623943329,0.4537498652935028,0.4831879138946533,0.46107223629951477,0.49374598264694214,0.5239173769950867,0.6019334197044373,0.6643468141555786,0.6000699400901794
12036,Benign,2018-02-23 01:40:10,0.43837594985961914,0.36851879954338074,0.3217122554779053,0.3047281801700592,0.31869614124298096,0.3275042474269867,0.3678317070007324,0.3966023623943329,0.4537498652935028,0.4831879138946533,0.46107223629951477,0.49374598264694214,0.5239173769950867,0.6019334197044373,0.6643468141555786,0.6000699400901794,0.5227587223052979,0.5228826403617859,0.5062357783317566,0.516787588596344,0.5378542542457581
12042,Benign,2018-02-23 01:41:10,0.3678317070007324,0.3966023623943329,0.4537498652935028,0.4831879138946533,0.46107223629951477,0.49374598264694214,0.5239173769950867,0.6019334197044373,0.6643468141555786,0.6000699400901794,0.5227587223052979,0.5228826403617859,0.5062357783317566,0.516787588596344,0.5378542542457581,0.5012180805206299,0.47537317872047424,0.4638524353504181,0.4588775336742401,0.46804240345954895,0.4649527072906494
12045,Benign,2018-02-23 01:41:40,0.4831879138946533,0.46107223629951477,0.49374598264694214,0.5239173769950867,0.6019334197044373,0.6643468141555786,0.6000699400901794,0.5227587223052979,0.5228826403617859,0.5062357783317566,0.516787588596344,0.5378542542457581,0.5012180805206299,0.47537317872047424,0.4638524353504181,0.4588775336742401,0.46804240345954895,0.4649527072906494,0.4341886341571808,0.40489229559898376,0.40683266520500183
12048,Benign,2018-02-23 01:42:10,0.5239173769950867,0.6019334197044373,0.6643468141555786,0.6000699400901794,0.5227587223052979,0.5228826403617859,0.5062357783317566,0.516787588596344,0.5378542542457581,0.5012180805206299,0.47537317872047424,0.4638524353504181,0.4588775336742401,0.46804240345954895,0.4649527072906494,0.4341886341571808,0.40489229559898376,0.40683266520500183,0.43515217304229736,0.4372543692588806,0.4408932626247406
12054,Benign,2018-02-23 01:43:10,0.5062357783317566,0.516787588596344,0.5378542542457581,0.5012180805206299,0.47537317872047424,0.4638524353504181,0.4588775336742401,0.46804240345954895,0.4649527072906494,0.4341886341571808,0.40489229559898376,0.40683266520500183,0.43515217304229736,0.4372543692588806,0.4408932626247406,0.38822242617607117,0.35575181245803833,0.2681204676628113,0.2984755337238312,0.304690957069397,0.31480756402015686
12059,Benign,2018-02-23 01:44:00,0.4638524353504181,0.4588775336742401,0.46804240345954895,0.4649527072906494,0.4341886341571808,0.40489229559898376,0.40683266520500183,0.43515217304229736,0.4372543692588806,0.4408932626247406,0.38822242617607117,0.35575181245803833,0.2681204676628113,0.2984755337238312,0.304690957069397,0.31480756402015686,0.3427184224128723,0.36506524682044983,0.3170684278011322,0.31180402636528015,0.35210222005844116
12065,Benign,2018-02-23 01:45:00,0.40683266520500183,0.43515217304229736,0.4372543692588806,0.4408932626247406,0.38822242617607117,0.35575181245803833,0.2681204676628113,0.2984755337238312,0.304690957069397,0.31480756402015686,0.3427184224128723,0.36506524682044983,0.3170684278011322,0.31180402636528015,0.35210222005844116,0.39775392413139343,0.41578447818756104,0.4511213004589081,0.42380663752555847,0.40357327461242676,0.4349302351474762
12071,Benign,2018-02-23 01:46:00,0.2681204676628113,0.2984755337238312,0.304690957069397,0.31480756402015686,0.3427184224128723,0.36506524682044983,0.3170684278011322,0.31180402636528015,0.35210222005844116,0.39775392413139343,0.41578447818756104,0.4511213004589081,0.42380663752555847,0.40357327461242676,0.4349302351474762,0.474159836769104,0.5131310820579529,0.48755404353141785,0.47113147377967834,0.46193253993988037,0.4895971119403839
12077,Benign,2018-02-23 01:47:00,0.3170684278011322,0.31180402636528015,0.35210222005844116,0.39775392413139343,0.41578447818756104,0.4511213004589081,0.42380663752555847,0.40357327461242676,0.4349302351474762,0.474159836769104,0.5131310820579529,0.48755404353141785,0.47113147377967834,0.46193253993988037,0.4895971119403839,0.509580135345459,0.49470221996307373,0.5035333037376404,0.50470370054245,0.4731510281562805,0.4307872951030731
12082,Benign,2018-02-23 01:47:50,0.4511213004589081,0.42380663752555847,0.40357327461242676,0.4349302351474762,0.474159836769104,0.5131310820579529,0.48755404353141785,0.47113147377967834,0.46193253993988037,0.4895971119403839,0.509580135345459,0.49470221996307373,0.5035333037376404,0.50470370054245,0.4731510281562805,0.4307872951030731,0.35591229796409607,0.33941763639450073,0.33179470896720886,0.35692572593688965,0.3213510811328888
12088,Benign,2018-02-23 01:48:50,0.48755404353141785,0.47113147377967834,0.46193253993988037,0.4895971119403839,0.509580135345459,0.49470221996307373,0.5035333037376404,0.50470370054245,0.4731510281562805,0.4307872951030731,0.35591229796409607,0.33941763639450073,0.33179470896720886,0.35692572593688965,0.3213510811328888,0.3421781361103058,0.33448535203933716,0.23224923014640808,0.2104899287223816,0.2023950219154358,0.21107012033462524
12094,Benign,2018-02-23 01:49:50,0.5035333037376404,0.50470370054245,0.4731510281562805,0.4307872951030731,0.35591229796409607,0.33941763639450073,0.33179470896720886,0.35692572593688965,0.3213510811328888,0.3421781361103058,0.33448535203933716,0.23224923014640808,0.2104899287223816,0.2023950219154358,0.21107012033462524,0.2362356185913086,0.29314979910850525,0.2520999610424042,0.20906412601470947,0.1749015599489212,0.14316782355308533
12100,Benign,2018-02-23 01:50:50,0.33179470896720886,0.35692572593688965,0.3213510811328888,0.3421781361103058,0.33448535203933716,0.23224923014640808,0.2104899287223816,0.2023950219154358,0.21107012033462524,0.2362356185913086,0.29314979910850525,0.2520999610424042,0.20906412601470947,0.1749015599489212,0.14316782355308533,0.1285194754600525,0.12794175744056702,0.11909990012645721,0.1403365582227707,0.175636425614357,0.20403538644313812
12105,Benign,2018-02-23 01:51:40,0.23224923014640808,0.2104899287223816,0.2023950219154358,0.21107012033462524,0.2362356185913086,0.29314979910850525,0.2520999610424042,0.20906412601470947,0.1749015599489212,0.14316782355308533,0.1285194754600525,0.12794175744056702,0.11909990012645721,0.1403365582227707,0.175636425614357,0.20403538644313812,0.24059012532234192,0.25150784850120544,0.3009832799434662,0.32048431038856506,0.3400600552558899
12111,Benign,2018-02-23 01:52:40,0.2520999610424042,0.20906412601470947,0.1749015599489212,0.14316782355308533,0.1285194754600525,0.12794175744056702,0.11909990012645721,0.1403365582227707,0.175636425614357,0.20403538644313812,0.24059012532234192,0.25150784850120544,0.3009832799434662,0.32048431038856506,0.3400600552558899,0.3724619448184967,0.4370667338371277,0.4703572988510132,0.5020698308944702,0.5115079283714294,0.5677695870399475
12117,Benign,2018-02-23 01:53:40,0.11909990012645721,0.1403365582227707,0.175636425614357,0.20403538644313812,0.24059012532234192,0.25150784850120544,0.3009832799434662,0.32048431038856506,0.3400600552558899,0.3724619448184967,0.4370667338371277,0.4703572988510132,0.5020698308944702,0.5115079283714294,0.5677695870399475,0.5757692456245422,0.590836226940155,0.6290736794471741,0.6019039750099182,0.6169013977050781,0.6397286057472229
12123,Benign,2018-02-23 01:54:40,0.3009832799434662,0.32048431038856506,0.3400600552558899,0.3724619448184967,0.4370667338371277,0.4703572988510132,0.5020698308944702,0.5115079283714294,0.5677695870399475,0.5757692456245422,0.590836226940155,0.6290736794471741,0.6019039750099182,0.6169013977050781,0.6397286057472229,0.6710595488548279,0.7105199098587036,0.6995584964752197,0.690667450428009,0.6894725561141968,0.6657493114471436
12128,Benign,2018-02-23 01:55:30,0.4703572988510132,0.5020698308944702,0.5115079283714294,0.5677695870399475,0.5757692456245422,0.590836226940155,0.6290736794471741,0.6019039750099182,0.6169013977050781,0.6397286057472229,0.6710595488548279,0.7105199098587036,0.6995584964752197,0.690667450428009,0.6894725561141968,0.6657493114471436,0.6246535181999207,0.5765857696533203,0.5722379088401794,0.5002654194831848,0.4527652859687805
12134,Benign,2018-02-23 01:56:30,0.6290736794471741,0.6019039750099182,0.6169013977050781,0.6397286057472229,0.6710595488548279,0.7105199098587036,0.6995584964752197,0.690667450428009,0.6894725561141968,0.6657493114471436,0.6246535181999207,0.5765857696533203,0.5722379088401794,0.5002654194831848,0.4527652859687805,0.4552723467350006,0.45187434554100037,0.45634129643440247,0.4462994635105133,0.3853389620780945,0.3094058632850647
12140,Benign,2018-02-23 01:57:30,0.6995584964752197,0.690667450428009,0.6894725561141968,0.6657493114471436,0.6246535181999207,0.5765857696533203,0.5722379088401794,0.5002654194831848,0.4527652859687805,0.4552723467350006,0.45187434554100037,0.45634129643440247,0.4462994635105133,0.3853389620780945,0.3094058632850647,0.20348122715950012,0.13537003099918365,0.14976485073566437,0.16348154842853546,0.1422424465417862,0.15525493025779724
12146,Benign,2018-02-23 01:58:30,0.5722379088401794,0.5002654194831848,0.4527652859687805,0.4552723467350006,0.45187434554100037,0.45634129643440247,0.4462994635105133,0.3853389620780945,0.3094058632850647,0.20348122715950012,0.13537003099918365,0.14976485073566437,0.16348154842853546,0.1422424465417862,0.15525493025779724,0.18451176583766937,0.1869944930076599,0.24635577201843262,0.3256816267967224,0.34825900197029114,0.2908390164375305
12151,Benign,2018-02-23 01:59:20,0.45634129643440247,0.4462994635105133,0.3853389620780945,0.3094058632850647,0.20348122715950012,0.13537003099918365,0.14976485073566437,0.16348154842853546,0.1422424465417862,0.15525493025779724,0.18451176583766937,0.1869944930076599,0.24635577201843262,0.3256816267967224,0.34825900197029114,0.2908390164375305,0.2254105806350708,0.203994020819664,0.18180367350578308,0.17284849286079407,0.13305935263633728
12157,Benign,2018-02-23 02:00:20,0.14976485073566437,0.16348154842853546,0.1422424465417862,0.15525493025779724,0.18451176583766937,0.1869944930076599,0.24635577201843262,0.3256816267967224,0.34825900197029114,0.2908390164375305,0.2254105806350708,0.203994020819664,0.18180367350578308,0.17284849286079407,0.13305935263633728,0.12890274822711945,0.13745927810668945,0.16413699090480804,0.16918417811393738,0.17689037322998047,0.17483526468276978
12163,Benign,2018-02-23 02:01:20,0.24635577201843262,0.3256816267967224,0.34825900197029114,0.2908390164375305,0.2254105806350708,0.203994020819664,0.18180367350578308,0.17284849286079407,0.13305935263633728,0.12890274822711945,0.13745927810668945,0.16413699090480804,0.16918417811393738,0.17689037322998047,0.17483526468276978,0.16283465921878815,0.16171343624591827,0.1763884574174881,0.20088563859462738,0.2151026874780655,0.1498897224664688
12169,Benign,2018-02-23 02:02:20,0.18180367350578308,0.17284849286079407,0.13305935263633728,0.12890274822711945,0.13745927810668945,0.16413699090480804,0.16918417811393738,0.17689037322998047,0.17483526468276978,0.16283465921878815,0.16171343624591827,0.1763884574174881,0.20088563859462738,0.2151026874780655,0.1498897224664688,0.14364612102508545,0.13336633145809174,0.1510397046804428,0.1650160849094391,0.17425793409347534,0.17041243612766266
12175,Benign,2018-02-23 02:03:20,0.16918417811393738,0.17689037322998047,0.17483526468276978,0.16283465921878815,0.16171343624591827,0.1763884574174881,0.20088563859462738,0.2151026874780655,0.1498897224664688,0.14364612102508545,0.13336633145809174,0.1510397046804428,0.1650160849094391,0.17425793409347534,0.17041243612766266,0.1848049759864807,0.21497800946235657,0.21484637260437012,0.1824650913476944,0.1667172759771347,0.15306319296360016
12180,Benign,2018-02-23 02:04:10,0.1763884574174881,0.20088563859462738,0.2151026874780655,0.1498897224664688,0.14364612102508545,0.13336633145809174,0.1510397046804428,0.1650160849094391,0.17425793409347534,0.17041243612766266,0.1848049759864807,0.21497800946235657,0.21484637260437012,0.1824650913476944,0.1667172759771347,0.15306319296360016,0.1571347862482071,0.16766750812530518,0.1863119900226593,0.212723970413208,0.18926188349723816
12186,Benign,2018-02-23 02:05:10,0.1510397046804428,0.1650160849094391,0.17425793409347534,0.17041243612766266,0.1848049759864807,0.21497800946235657,0.21484637260437012,0.1824650913476944,0.1667172759771347,0.15306319296360016,0.1571347862482071,0.16766750812530518,0.1863119900226593,0.212723970413208,0.18926188349723816,0.1575147658586502,0.13382777571678162,0.15954071283340454,0.19877052307128906,0.23453763127326965,0.23452483117580414
12188,Benign,2018-02-23 02:05:30,0.17425793409347534,0.17041243612766266,0.1848049759864807,0.21497800946235657,0.21484637260437012,0.1824650913476944,0.1667172759771347,0.15306319296360016,0.1571347862482071,0.16766750812530518,0.1863119900226593,0.212723970413208,0.18926188349723816,0.1575147658586502,0.13382777571678162,0.15954071283340454,0.19877052307128906,0.23453763127326965,0.23452483117580414,0.2576868236064911,0.22914595901966095
12192,Benign,2018-02-23 02:06:10,0.21484637260437012,0.1824650913476944,0.1667172759771347,0.15306319296360016,0.1571347862482071,0.16766750812530518,0.1863119900226593,0.212723970413208,0.18926188349723816,0.1575147658586502,0.13382777571678162,0.15954071283340454,0.19877052307128906,0.23453763127326965,0.23452483117580414,0.2576868236064911,0.22914595901966095,0.22766365110874176,0.22723320126533508,0.20893755555152893,0.20083245635032654
12198,Benign,2018-02-23 02:07:10,0.1863119900226593,0.212723970413208,0.18926188349723816,0.1575147658586502,0.13382777571678162,0.15954071283340454,0.19877052307128906,0.23453763127326965,0.23452483117580414,0.2576868236064911,0.22914595901966095,0.22766365110874176,0.22723320126533508,0.20893755555152893,0.20083245635032654,0.1744241714477539,0.19158990681171417,0.2249215692281723,0.24551427364349365,0.29812029004096985,0.3339858651161194
12203,Benign,2018-02-23 02:08:00,0.15954071283340454,0.19877052307128906,0.23453763127326965,0.23452483117580414,0.2576868236064911,0.22914595901966095,0.22766365110874176,0.22723320126533508,0.20893755555152893,0.20083245635032654,0.1744241714477539,0.19158990681171417,0.2249215692281723,0.24551427364349365,0.29812029004096985,0.3339858651161194,0.3491668105125427,0.3006698787212372,0.2597486674785614,0.2576708197593689,0.28107184171676636
12209,Benign,2018-02-23 02:09:00,0.22766365110874176,0.22723320126533508,0.20893755555152893,0.20083245635032654,0.1744241714477539,0.19158990681171417,0.2249215692281723,0.24551427364349365,0.29812029004096985,0.3339858651161194,0.3491668105125427,0.3006698787212372,0.2597486674785614,0.2576708197593689,0.28107184171676636,0.3062537610530853,0.3288692831993103,0.35406380891799927,0.41882163286209106,0.47103437781333923,0.500548243522644
12215,Benign,2018-02-23 02:10:00,0.2249215692281723,0.24551427364349365,0.29812029004096985,0.3339858651161194,0.3491668105125427,0.3006698787212372,0.2597486674785614,0.2576708197593689,0.28107184171676636,0.3062537610530853,0.3288692831993103,0.35406380891799927,0.41882163286209106,0.47103437781333923,0.500548243522644,0.5326351523399353,0.582718551158905,0.6060950756072998,0.6195395588874817,0.6446724534034729,0.6591433882713318
12547,Benign,2018-02-23 03:05:20,0.10542107373476028,0.1070043072104454,0.09387257695198059,0.12189675867557526,0.11114577203989029,0.14672189950942993,0.1861591637134552,0.21310971677303314,0.2522812783718109,0.23337602615356445,0.20851820707321167,0.16555309295654297,0.13644632697105408,0.12336251884698868,0.11333449929952621,0.1555655598640442,0.20541834831237793,0.2519194185733795,0.2513815462589264,0.27098819613456726,0.2748427391052246
12549,Benign,2018-02-23 03:05:40,0.09387257695198059,0.12189675867557526,0.11114577203989029,0.14672189950942993,0.1861591637134552,0.21310971677303314,0.2522812783718109,0.23337602615356445,0.20851820707321167,0.16555309295654297,0.13644632697105408,0.12336251884698868,0.11333449929952621,0.1555655598640442,0.20541834831237793,0.2519194185733795,0.2513815462589264,0.27098819613456726,0.2748427391052246,0.28188952803611755,0.30832815170288086
12552,Benign,2018-02-23 03:06:10,0.14672189950942993,0.1861591637134552,0.21310971677303314,0.2522812783718109,0.23337602615356445,0.20851820707321167,0.16555309295654297,0.13644632697105408,0.12336251884698868,0.11333449929952621,0.1555655598640442,0.20541834831237793,0.2519194185733795,0.2513815462589264,0.27098819613456726,0.2748427391052246,0.28188952803611755,0.30832815170288086,0.360373854637146,0.3517771065235138,0.35646095871925354
12563,Benign,2018-02-23 03:08:00,0.20541834831237793,0.2519194185733795,0.2513815462589264,0.27098819613456726,0.2748427391052246,0.28188952803611755,0.30832815170288086,0.360373854637146,0.3517771065235138,0.35646095871925354,0.32255837321281433,0.37480029463768005,0.3186727464199066,0.24734888970851898,0.2727818787097931,0.38352081179618835,0.42840784788131714,0.44501611590385437,0.4401635229587555,0.3801437020301819,0.33969077467918396
12568,Benign,2018-02-23 03:08:50,0.28188952803611755,0.30832815170288086,0.360373854637146,0.3517771065235138,0.35646095871925354,0.32255837321281433,0.37480029463768005,0.3186727464199066,0.24734888970851898,0.2727818787097931,0.38352081179618835,0.42840784788131714,0.44501611590385437,0.4401635229587555,0.3801437020301819,0.33969077467918396,0.3807717561721802,0.36817488074302673,0.3451549708843231,0.2971755862236023,0.2734854519367218
12587,Benign,2018-02-23 03:12:00,0.2971755862236023,0.2734854519367218,0.2789805233478546,0.2741968035697937,0.19900356233119965,0.17722968757152557,0.12863430380821228,0.09300558269023895,0.08718089759349823,0.10389354825019836,0.11540872603654861,0.13958881795406342,0.17522017657756805,0.23250117897987366,0.30916842818260193,0.41208183765411377,0.4783627688884735,0.49840080738067627,0.4130539298057556,0.39879605174064636,0.42539098858833313
12591,Benign,2018-02-23 03:12:40,0.19900356233119965,0.17722968757152557,0.12863430380821228,0.09300558269023895,0.08718089759349823,0.10389354825019836,0.11540872603654861,0.13958881795406342,0.17522017657756805,0.23250117897987366,0.30916842818260193,0.41208183765411377,0.4783627688884735,0.49840080738067627,0.4130539298057556,0.39879605174064636,0.42539098858833313,0.4098029136657715,0.3564978837966919,0.30512040853500366,0.2821975350379944
12597,Benign,2018-02-23 03:13:40,0.11540872603654861,0.13958881795406342,0.17522017657756805,0.23250117897987366,0.30916842818260193,0.41208183765411377,0.4783627688884735,0.49840080738067627,0.4130539298057556,0.39879605174064636,0.42539098858833313,0.4098029136657715,0.3564978837966919,0.30512040853500366,0.2821975350379944,0.28072401881217957,0.2825464606285095,0.24072393774986267,0.15120582282543182,0.10193713009357452,0.09046750515699387
12605,Benign,2018-02-23 03:15:00,0.4130539298057556,0.39879605174064636,0.42539098858833313,0.4098029136657715,0.3564978837966919,0.30512040853500366,0.2821975350379944,0.28072401881217957,0.2825464606285095,0.24072393774986267,0.15120582282543182,0.10193713009357452,0.09046750515699387,0.09704068303108215,0.10110414028167725,0.09749555587768555,0.09164752066135406,0.10819806158542633,0.14286480844020844,0.17999356985092163,0.19186586141586304
12608,Benign,2018-02-23 03:15:30,0.4098029136657715,0.3564978837966919,0.30512040853500366,0.2821975350379944,0.28072401881217957,0.2825464606285095,0.24072393774986267,0.15120582282543182,0.10193713009357452,0.09046750515699387,0.09704068303108215,0.10110414028167725,0.09749555587768555,0.09164752066135406,0.10819806158542633,0.14286480844020844,0.17999356985092163,0.19186586141586304,0.20642739534378052,0.17139579355716705,0.16356629133224487
12611,Benign,2018-02-23 03:16:00,0.2821975350379944,0.28072401881217957,0.2825464606285095,0.24072393774986267,0.15120582282543182,0.10193713009357452,0.09046750515699387,0.09704068303108215,0.10110414028167725,0.09749555587768555,0.09164752066135406,0.10819806158542633,0.14286480844020844,0.17999356985092163,0.19186586141586304,0.20642739534378052,0.17139579355716705,0.16356629133224487,0.16954360902309418,0.19575759768486023,0.21205662190914154
12616,Benign,2018-02-23 03:16:50,0.10193713009357452,0.09046750515699387,0.09704068303108215,0.10110414028167725,0.09749555587768555,0.09164752066135406,0.10819806158542633,0.14286480844020844,0.17999356985092163,0.19186586141586304,0.20642739534378052,0.17139579355716705,0.16356629133224487,0.16954360902309418,0.19575759768486023,0.21205662190914154,0.22515594959259033,0.18506933748722076,0.19048723578453064,0.2452293038368225,0.2840636968612671
14777,Benign,2018-02-23 09:17:00,0.043674007058143616,0.05359262973070145,0.05164414644241333,0.05308299511671066,0.050070423632860184,0.04435268044471741,0.053943585604429245,0.06959202140569687,0.060981959104537964,0.06090843677520752,0.06314276903867722,0.06906210631132126,0.0822194442152977,0.08499160408973694,0.08511333912611008,0.08429989963769913,0.0898626297712326,0.11747170984745026,0.15281204879283905,0.1756511628627777,0.21180717647075653
15018,Benign,2018-02-23 09:57:10,0.0784839391708374,0.05961473658680916,0.06890247017145157,0.09906966239213943,0.11505197733640671,0.1491578370332718,0.18574844300746918,0.2509162127971649,0.30921903252601624,0.3708806335926056,0.3183639645576477,0.33810487389564514,0.36226004362106323,0.365344375371933,0.3991568982601166,0.37692657113075256,0.30721497535705566,0.2741478681564331,0.2284725159406662,0.2447689026594162,0.2419525682926178
15050,Benign,2018-02-23 10:02:30,0.12776391208171844,0.10162127017974854,0.08041460812091827,0.0676707774400711,0.05778912082314491,0.04707242175936699,0.04287543520331383,0.03903909772634506,0.039824049919843674,0.03760692477226257,0.042907822877168655,0.04723937809467316,0.045305490493774414,0.05216072499752045,0.06467785686254501,0.05870342254638672,0.05269510671496391,0.06739454716444016,0.0657653659582138,0.06992658227682114,0.07692090421915054
15052,Benign,2018-02-23 10:02:50,0.08041460812091827,0.0676707774400711,0.05778912082314491,0.04707242175936699,0.04287543520331383,0.03903909772634506,0.039824049919843674,0.03760692477226257,0.042907822877168655,0.04723937809467316,0.045305490493774414,0.05216072499752045,0.06467785686254501,0.05870342254638672,0.05269510671496391,0.06739454716444016,0.0657653659582138,0.06992658227682114,0.07692090421915054,0.09238704293966293,0.10955939441919327
15055,Benign,2018-02-23 10:03:20,0.04707242175936699,0.04287543520331383,0.03903909772634506,0.039824049919843674,0.03760692477226257,0.042907822877168655,0.04723937809467316,0.045305490493774414,0.05216072499752045,0.06467785686254501,0.05870342254638672,0.05269510671496391,0.06739454716444016,0.0657653659582138,0.06992658227682114,0.07692090421915054,0.09238704293966293,0.10955939441919327,0.1294243186712265,0.1556757390499115,0.18842485547065735
15060,Benign,2018-02-23 10:04:10,0.042907822877168655,0.04723937809467316,0.045305490493774414,0.05216072499752045,0.06467785686254501,0.05870342254638672,0.05269510671496391,0.06739454716444016,0.0657653659582138,0.06992658227682114,0.07692090421915054,0.09238704293966293,0.10955939441919327,0.1294243186712265,0.1556757390499115,0.18842485547065735,0.259985089302063,0.3305448293685913,0.39978504180908203,0.46195411682128906,0.4918803870677948
15062,Benign,2018-02-23 10:04:30,0.045305490493774414,0.05216072499752045,0.06467785686254501,0.05870342254638672,0.05269510671496391,0.06739454716444016,0.0657653659582138,0.06992658227682114,0.07692090421915054,0.09238704293966293,0.10955939441919327,0.1294243186712265,0.1556757390499115,0.18842485547065735,0.259985089302063,0.3305448293685913,0.39978504180908203,0.46195411682128906,0.4918803870677948,0.47869279980659485,0.41191160678863525
15067,Benign,2018-02-23 10:05:20,0.06739454716444016,0.0657653659582138,0.06992658227682114,0.07692090421915054,0.09238704293966293,0.10955939441919327,0.1294243186712265,0.1556757390499115,0.18842485547065735,0.259985089302063,0.3305448293685913,0.39978504180908203,0.46195411682128906,0.4918803870677948,0.47869279980659485,0.41191160678863525,0.33268752694129944,0.2899581491947174,0.23675602674484253,0.250577449798584,0.2381705790758133
15072,Benign,2018-02-23 10:06:10,0.10955939441919327,0.1294243186712265,0.1556757390499115,0.18842485547065735,0.259985089302063,0.3305448293685913,0.39978504180908203,0.46195411682128906,0.4918803870677948,0.47869279980659485,0.41191160678863525,0.33268752694129944,0.2899581491947174,0.23675602674484253,0.250577449798584,0.2381705790758133,0.23346127569675446,0.20069149136543274,0.1918947547674179,0.21172955632209778,0.1939801722764969
15077,Benign,2018-02-23 10:07:00,0.3305448293685913,0.39978504180908203,0.46195411682128906,0.4918803870677948,0.47869279980659485,0.41191160678863525,0.33268752694129944,0.2899581491947174,0.23675602674484253,0.250577449798584,0.2381705790758133,0.23346127569675446,0.20069149136543274,0.1918947547674179,0.21172955632209778,0.1939801722764969,0.1866035908460617,0.16894744336605072,0.1589374542236328,0.15754760801792145,0.1467169225215912
15084,Benign,2018-02-23 10:08:10,0.2899581491947174,0.23675602674484253,0.250577449798584,0.2381705790758133,0.23346127569675446,0.20069149136543274,0.1918947547674179,0.21172955632209778,0.1939801722764969,0.1866035908460617,0.16894744336605072,0.1589374542236328,0.15754760801792145,0.1467169225215912,0.13430315256118774,0.09689412266016006,0.07727611064910889,0.06793535500764847,0.06768083572387695,0.08396682143211365,0.07193895429372787
15088,Benign,2018-02-23 10:08:50,0.23346127569675446,0.20069149136543274,0.1918947547674179,0.21172955632209778,0.1939801722764969,0.1866035908460617,0.16894744336605072,0.1589374542236328,0.15754760801792145,0.1467169225215912,0.13430315256118774,0.09689412266016006,0.07727611064910889,0.06793535500764847,0.06768083572387695,0.08396682143211365,0.07193895429372787,0.06551763415336609,0.05996575206518173,0.07242754101753235,0.06641082465648651
15090,Benign,2018-02-23 10:09:10,0.1918947547674179,0.21172955632209778,0.1939801722764969,0.1866035908460617,0.16894744336605072,0.1589374542236328,0.15754760801792145,0.1467169225215912,0.13430315256118774,0.09689412266016006,0.07727611064910889,0.06793535500764847,0.06768083572387695,0.08396682143211365,0.07193895429372787,0.06551763415336609,0.05996575206518173,0.07242754101753235,0.06641082465648651,0.0716262236237526,0.06583156436681747
15093,Benign,2018-02-23 10:09:40,0.1866035908460617,0.16894744336605072,0.1589374542236328,0.15754760801792145,0.1467169225215912,0.13430315256118774,0.09689412266016006,0.07727611064910889,0.06793535500764847,0.06768083572387695,0.08396682143211365,0.07193895429372787,0.06551763415336609,0.05996575206518173,0.07242754101753235,0.06641082465648651,0.0716262236237526,0.06583156436681747,0.04312657192349434,0.03713303431868553,0.03489098697900772
15096,Benign,2018-02-23 10:10:10,0.15754760801792145,0.1467169225215912,0.13430315256118774,0.09689412266016006,0.07727611064910889,0.06793535500764847,0.06768083572387695,0.08396682143211365,0.07193895429372787,0.06551763415336609,0.05996575206518173,0.07242754101753235,0.06641082465648651,0.0716262236237526,0.06583156436681747,0.04312657192349434,0.03713303431868553,0.03489098697900772,0.0339033342897892,0.030395712703466415,0.032596029341220856
15101,Benign,2018-02-23 10:11:00,0.06793535500764847,0.06768083572387695,0.08396682143211365,0.07193895429372787,0.06551763415336609,0.05996575206518173,0.07242754101753235,0.06641082465648651,0.0716262236237526,0.06583156436681747,0.04312657192349434,0.03713303431868553,0.03489098697900772,0.0339033342897892,0.030395712703466415,0.032596029341220856,0.039438746869564056,0.03432038426399231,0.03255652263760567,0.032916195690631866,0.03512690216302872
15105,Benign,2018-02-23 10:11:40,0.06551763415336609,0.05996575206518173,0.07242754101753235,0.06641082465648651,0.0716262236237526,0.06583156436681747,0.04312657192349434,0.03713303431868553,0.03489098697900772,0.0339033342897892,0.030395712703466415,0.032596029341220856,0.039438746869564056,0.03432038426399231,0.03255652263760567,0.032916195690631866,0.03512690216302872,0.032619066536426544,0.0342581644654274,0.03292880579829216,0.029996173456311226
15107,Benign,2018-02-23 10:12:00,0.07242754101753235,0.06641082465648651,0.0716262236237526,0.06583156436681747,0.04312657192349434,0.03713303431868553,0.03489098697900772,0.0339033342897892,0.030395712703466415,0.032596029341220856,0.039438746869564056,0.03432038426399231,0.03255652263760567,0.032916195690631866,0.03512690216302872,0.032619066536426544,0.0342581644654274,0.03292880579829216,0.029996173456311226,0.027198253199458122,0.032062310725450516
15110,Benign,2018-02-23 10:12:30,0.06583156436681747,0.04312657192349434,0.03713303431868553,0.03489098697900772,0.0339033342897892,0.030395712703466415,0.032596029341220856,0.039438746869564056,0.03432038426399231,0.03255652263760567,0.032916195690631866,0.03512690216302872,0.032619066536426544,0.0342581644654274,0.03292880579829216,0.029996173456311226,0.027198253199458122,0.032062310725450516,0.03610241785645485,0.03391166031360626,0.029586881399154663
15113,Benign,2018-02-23 10:13:00,0.03489098697900772,0.0339033342897892,0.030395712703466415,0.032596029341220856,0.039438746869564056,0.03432038426399231,0.03255652263760567,0.032916195690631866,0.03512690216302872,0.032619066536426544,0.0342581644654274,0.03292880579829216,0.029996173456311226,0.027198253199458122,0.032062310725450516,0.03610241785645485,0.03391166031360626,0.029586881399154663,0.028065355494618416,0.02877361699938774,0.036925580352544785
15118,Benign,2018-02-23 10:13:50,0.03432038426399231,0.03255652263760567,0.032916195690631866,0.03512690216302872,0.032619066536426544,0.0342581644654274,0.03292880579829216,0.029996173456311226,0.027198253199458122,0.032062310725450516,0.03610241785645485,0.03391166031360626,0.029586881399154663,0.028065355494618416,0.02877361699938774,0.036925580352544785,0.04197679087519646,0.04024575278162956,0.032600242644548416,0.029482152312994003,0.036489054560661316
15121,Benign,2018-02-23 10:14:20,0.03512690216302872,0.032619066536426544,0.0342581644654274,0.03292880579829216,0.029996173456311226,0.027198253199458122,0.032062310725450516,0.03610241785645485,0.03391166031360626,0.029586881399154663,0.028065355494618416,0.02877361699938774,0.036925580352544785,0.04197679087519646,0.04024575278162956,0.032600242644548416,0.029482152312994003,0.036489054560661316,0.03362128138542175,0.03496377170085907,0.03389476239681244
15124,Benign,2018-02-23 10:14:50,0.03292880579829216,0.029996173456311226,0.027198253199458122,0.032062310725450516,0.03610241785645485,0.03391166031360626,0.029586881399154663,0.028065355494618416,0.02877361699938774,0.036925580352544785,0.04197679087519646,0.04024575278162956,0.032600242644548416,0.029482152312994003,0.036489054560661316,0.03362128138542175,0.03496377170085907,0.03389476239681244,0.039514631032943726,0.035892292857170105,0.03318663686513901
15130,Benign,2018-02-23 10:15:50,0.029586881399154663,0.028065355494618416,0.02877361699938774,0.036925580352544785,0.04197679087519646,0.04024575278162956,0.032600242644548416,0.029482152312994003,0.036489054560661316,0.03362128138542175,0.03496377170085907,0.03389476239681244,0.039514631032943726,0.035892292857170105,0.03318663686513901,0.027072053402662277,0.03755108267068863,0.029687432572245598,0.03589800372719765,0.015588351525366306,0.020695416256785393
15134,Benign,2018-02-23 10:16:30,0.04197679087519646,0.04024575278162956,0.032600242644548416,0.029482152312994003,0.036489054560661316,0.03362128138542175,0.03496377170085907,0.03389476239681244,0.039514631032943726,0.035892292857170105,0.03318663686513901,0.027072053402662277,0.03755108267068863,0.029687432572245598,0.03589800372719765,0.015588351525366306,0.020695416256785393,0.012427465058863163,0.018786093220114708,0.022941865026950836,0.021861182525753975
15138,Benign,2018-02-23 10:17:10,0.036489054560661316,0.03362128138542175,0.03496377170085907,0.03389476239681244,0.039514631032943726,0.035892292857170105,0.03318663686513901,0.027072053402662277,0.03755108267068863,0.029687432572245598,0.03589800372719765,0.015588351525366306,0.020695416256785393,0.012427465058863163,0.018786093220114708,0.022941865026950836,0.021861182525753975,0.01729402504861355,0.031421784311532974,0.044641561806201935,0.02919631637632847
15141,Benign,2018-02-23 10:17:40,0.03389476239681244,0.039514631032943726,0.035892292857170105,0.03318663686513901,0.027072053402662277,0.03755108267068863,0.029687432572245598,0.03589800372719765,0.015588351525366306,0.020695416256785393,0.012427465058863163,0.018786093220114708,0.022941865026950836,0.021861182525753975,0.01729402504861355,0.031421784311532974,0.044641561806201935,0.02919631637632847,0.040016353130340576,0.0590505376458168,0.08041282743215561
15147,Benign,2018-02-23 10:18:40,0.029687432572245598,0.03589800372719765,0.015588351525366306,0.020695416256785393,0.012427465058863163,0.018786093220114708,0.022941865026950836,0.021861182525753975,0.01729402504861355,0.031421784311532974,0.044641561806201935,0.02919631637632847,0.040016353130340576,0.0590505376458168,0.08041282743215561,0.09772485494613647,0.10388009995222092,0.11934436112642288,0.1249280720949173,0.09246409684419632,0.08934026956558228
15151,Benign,2018-02-23 10:19:20,0.012427465058863163,0.018786093220114708,0.022941865026950836,0.021861182525753975,0.01729402504861355,0.031421784311532974,0.044641561806201935,0.02919631637632847,0.040016353130340576,0.0590505376458168,0.08041282743215561,0.09772485494613647,0.10388009995222092,0.11934436112642288,0.1249280720949173,0.09246409684419632,0.08934026956558228,0.09344757348299026,0.10548069328069687,0.11766494810581207,0.12668080627918243
15159,Benign,2018-02-23 10:20:40,0.040016353130340576,0.0590505376458168,0.08041282743215561,0.09772485494613647,0.10388009995222092,0.11934436112642288,0.1249280720949173,0.09246409684419632,0.08934026956558228,0.09344757348299026,0.10548069328069687,0.11766494810581207,0.12668080627918243,0.166525200009346,0.21047623455524445,0.20213474333286285,0.19566671550273895,0.20404194295406342,0.17268915474414825,0.15915468335151672,0.14126630127429962
15164,Benign,2018-02-23 10:21:30,0.11934436112642288,0.1249280720949173,0.09246409684419632,0.08934026956558228,0.09344757348299026,0.10548069328069687,0.11766494810581207,0.12668080627918243,0.166525200009346,0.21047623455524445,0.20213474333286285,0.19566671550273895,0.20404194295406342,0.17268915474414825,0.15915468335151672,0.14126630127429962,0.09784020483493805,0.1122177392244339,0.13200312852859497,0.08627628535032272,0.0779261365532875
15166,Benign,2018-02-23 10:21:50,0.09246409684419632,0.08934026956558228,0.09344757348299026,0.10548069328069687,0.11766494810581207,0.12668080627918243,0.166525200009346,0.21047623455524445,0.20213474333286285,0.19566671550273895,0.20404194295406342,0.17268915474414825,0.15915468335151672,0.14126630127429962,0.09784020483493805,0.1122177392244339,0.13200312852859497,0.08627628535032272,0.0779261365532875,0.06267071515321732,0.0641833022236824
15169,Benign,2018-02-23 10:22:20,0.10548069328069687,0.11766494810581207,0.12668080627918243,0.166525200009346,0.21047623455524445,0.20213474333286285,0.19566671550273895,0.20404194295406342,0.17268915474414825,0.15915468335151672,0.14126630127429962,0.09784020483493805,0.1122177392244339,0.13200312852859497,0.08627628535032272,0.0779261365532875,0.06267071515321732,0.0641833022236824,0.08886261284351349,0.1330285668373108,0.17808209359645844
15176,Benign,2018-02-23 10:23:30,0.20404194295406342,0.17268915474414825,0.15915468335151672,0.14126630127429962,0.09784020483493805,0.1122177392244339,0.13200312852859497,0.08627628535032272,0.0779261365532875,0.06267071515321732,0.0641833022236824,0.08886261284351349,0.1330285668373108,0.17808209359645844,0.13006791472434998,0.0894654393196106,0.09204135090112686,0.10676715523004532,0.0942482054233551,0.08193189650774002,0.058819662779569626
15181,Benign,2018-02-23 10:24:20,0.1122177392244339,0.13200312852859497,0.08627628535032272,0.0779261365532875,0.06267071515321732,0.0641833022236824,0.08886261284351349,0.1330285668373108,0.17808209359645844,0.13006791472434998,0.0894654393196106,0.09204135090112686,0.10676715523004532,0.0942482054233551,0.08193189650774002,0.058819662779569626,0.049615371972322464,0.04541010037064552,0.05988636612892151,0.0681396946310997,0.05492941662669182
15184,Benign,2018-02-23 10:24:50,0.0779261365532875,0.06267071515321732,0.0641833022236824,0.08886261284351349,0.1330285668373108,0.17808209359645844,0.13006791472434998,0.0894654393196106,0.09204135090112686,0.10676715523004532,0.0942482054233551,0.08193189650774002,0.058819662779569626,0.049615371972322464,0.04541010037064552,0.05988636612892151,0.0681396946310997,0.05492941662669182,0.06279958784580231,0.058208320289850235,0.053217481821775436
15187,Benign,2018-02-23 10:25:20,0.08886261284351349,0.1330285668373108,0.17808209359645844,0.13006791472434998,0.0894654393196106,0.09204135090112686,0.10676715523004532,0.0942482054233551,0.08193189650774002,0.058819662779569626,0.049615371972322464,0.04541010037064552,0.05988636612892151,0.0681396946310997,0.05492941662669182,0.06279958784580231,0.058208320289850235,0.053217481821775436,0.06478412449359894,0.07948203384876251,0.0641549825668335
15192,Benign,2018-02-23 10:26:10,0.09204135090112686,0.10676715523004532,0.0942482054233551,0.08193189650774002,0.058819662779569626,0.049615371972322464,0.04541010037064552,0.05988636612892151,0.0681396946310997,0.05492941662669182,0.06279958784580231,0.058208320289850235,0.053217481821775436,0.06478412449359894,0.07948203384876251,0.0641549825668335,0.054728589951992035,0.052764419466257095,0.06650056689977646,0.06431350857019424,0.060856301337480545
15199,Benign,2018-02-23 10:27:20,0.05988636612892151,0.0681396946310997,0.05492941662669182,0.06279958784580231,0.058208320289850235,0.053217481821775436,0.06478412449359894,0.07948203384876251,0.0641549825668335,0.054728589951992035,0.052764419466257095,0.06650056689977646,0.06431350857019424,0.060856301337480545,0.06085336580872536,0.058098942041397095,0.08257967978715897,0.06558063626289368,0.057958487421274185,0.050354816019535065,0.050670623779296875
15204,Benign,2018-02-23 10:28:10,0.053217481821775436,0.06478412449359894,0.07948203384876251,0.0641549825668335,0.054728589951992035,0.052764419466257095,0.06650056689977646,0.06431350857019424,0.060856301337480545,0.06085336580872536,0.058098942041397095,0.08257967978715897,0.06558063626289368,0.057958487421274185,0.050354816019535065,0.050670623779296875,0.05351400375366211,0.06720921397209167,0.08182797580957413,0.07387042790651321,0.06220874935388565
15209,Benign,2018-02-23 10:29:00,0.052764419466257095,0.06650056689977646,0.06431350857019424,0.060856301337480545,0.06085336580872536,0.058098942041397095,0.08257967978715897,0.06558063626289368,0.057958487421274185,0.050354816019535065,0.050670623779296875,0.05351400375366211,0.06720921397209167,0.08182797580957413,0.07387042790651321,0.06220874935388565,0.052329640835523605,0.05744071304798126,0.0742691233754158,0.06897187978029251,0.08504834026098251
15216,Benign,2018-02-23 10:30:10,0.06558063626289368,0.057958487421274185,0.050354816019535065,0.050670623779296875,0.05351400375366211,0.06720921397209167,0.08182797580957413,0.07387042790651321,0.06220874935388565,0.052329640835523605,0.05744071304798126,0.0742691233754158,0.06897187978029251,0.08504834026098251,0.06360586732625961,0.052031755447387695,0.054723531007766724,0.052401065826416016,0.06033523753285408,0.0565352626144886,0.05884122848510742
15219,Benign,2018-02-23 10:30:40,0.050670623779296875,0.05351400375366211,0.06720921397209167,0.08182797580957413,0.07387042790651321,0.06220874935388565,0.052329640835523605,0.05744071304798126,0.0742691233754158,0.06897187978029251,0.08504834026098251,0.06360586732625961,0.052031755447387695,0.054723531007766724,0.052401065826416016,0.06033523753285408,0.0565352626144886,0.05884122848510742,0.08261371403932571,0.11900395900011063,0.15311738848686218
15222,Benign,2018-02-23 10:31:10,0.08182797580957413,0.07387042790651321,0.06220874935388565,0.052329640835523605,0.05744071304798126,0.0742691233754158,0.06897187978029251,0.08504834026098251,0.06360586732625961,0.052031755447387695,0.054723531007766724,0.052401065826416016,0.06033523753285408,0.0565352626144886,0.05884122848510742,0.08261371403932571,0.11900395900011063,0.15311738848686218,0.20542876422405243,0.24450668692588806,0.30261674523353577
15225,Benign,2018-02-23 10:31:40,0.052329640835523605,0.05744071304798126,0.0742691233754158,0.06897187978029251,0.08504834026098251,0.06360586732625961,0.052031755447387695,0.054723531007766724,0.052401065826416016,0.06033523753285408,0.0565352626144886,0.05884122848510742,0.08261371403932571,0.11900395900011063,0.15311738848686218,0.20542876422405243,0.24450668692588806,0.30261674523353577,0.29641932249069214,0.3028630018234253,0.28330469131469727
15227,Benign,2018-02-23 10:32:00,0.0742691233754158,0.06897187978029251,0.08504834026098251,0.06360586732625961,0.052031755447387695,0.054723531007766724,0.052401065826416016,0.06033523753285408,0.0565352626144886,0.05884122848510742,0.08261371403932571,0.11900395900011063,0.15311738848686218,0.20542876422405243,0.24450668692588806,0.30261674523353577,0.29641932249069214,0.3028630018234253,0.28330469131469727,0.23839259147644043,0.2043931633234024
15233,Benign,2018-02-23 10:33:00,0.052401065826416016,0.06033523753285408,0.0565352626144886,0.05884122848510742,0.08261371403932571,0.11900395900011063,0.15311738848686218,0.20542876422405243,0.24450668692588806,0.30261674523353577,0.29641932249069214,0.3028630018234253,0.28330469131469727,0.23839259147644043,0.2043931633234024,0.1721363216638565,0.16660267114639282,0.16824720799922943,0.1519344598054886,0.16019274294376373,0.17641909420490265
15236,Benign,2018-02-23 10:33:30,0.05884122848510742,0.08261371403932571,0.11900395900011063,0.15311738848686218,0.20542876422405243,0.24450668692588806,0.30261674523353577,0.29641932249069214,0.3028630018234253,0.28330469131469727,0.23839259147644043,0.2043931633234024,0.1721363216638565,0.16660267114639282,0.16824720799922943,0.1519344598054886,0.16019274294376373,0.17641909420490265,0.20581573247909546,0.22138378024101257,0.26674365997314453
15239,Benign,2018-02-23 10:34:00,0.15311738848686218,0.20542876422405243,0.24450668692588806,0.30261674523353577,0.29641932249069214,0.3028630018234253,0.28330469131469727,0.23839259147644043,0.2043931633234024,0.1721363216638565,0.16660267114639282,0.16824720799922943,0.1519344598054886,0.16019274294376373,0.17641909420490265,0.20581573247909546,0.22138378024101257,0.26674365997314453,0.3117057681083679,0.3714466094970703,0.394786536693573
15242,Benign,2018-02-23 10:34:30,0.30261674523353577,0.29641932249069214,0.3028630018234253,0.28330469131469727,0.23839259147644043,0.2043931633234024,0.1721363216638565,0.16660267114639282,0.16824720799922943,0.1519344598054886,0.16019274294376373,0.17641909420490265,0.20581573247909546,0.22138378024101257,0.26674365997314453,0.3117057681083679,0.3714466094970703,0.394786536693573,0.4586198329925537,0.5529899597167969,0.5751436948776245
15245,Benign,2018-02-23 10:35:00,0.28330469131469727,0.23839259147644043,0.2043931633234024,0.1721363216638565,0.16660267114639282,0.16824720799922943,0.1519344598054886,0.16019274294376373,0.17641909420490265,0.20581573247909546,0.22138378024101257,0.26674365997314453,0.3117057681083679,0.3714466094970703,0.394786536693573,0.4586198329925537,0.5529899597167969,0.5751436948776245,0.575623631477356,0.606734037399292,0.5810430645942688
15250,Benign,2018-02-23 10:35:50,0.16824720799922943,0.1519344598054886,0.16019274294376373,0.17641909420490265,0.20581573247909546,0.22138378024101257,0.26674365997314453,0.3117057681083679,0.3714466094970703,0.394786536693573,0.4586198329925537,0.5529899597167969,0.5751436948776245,0.575623631477356,0.606734037399292,0.5810430645942688,0.550420880317688,0.4914570748806,0.438389390707016,0.4426553249359131,0.49422764778137207
15253,Benign,2018-02-23 10:36:20,0.17641909420490265,0.20581573247909546,0.22138378024101257,0.26674365997314453,0.3117057681083679,0.3714466094970703,0.394786536693573,0.4586198329925537,0.5529899597167969,0.5751436948776245,0.575623631477356,0.606734037399292,0.5810430645942688,0.550420880317688,0.4914570748806,0.438389390707016,0.4426553249359131,0.49422764778137207,0.4840400815010071,0.4933737516403198,0.47489988803863525
15256,Benign,2018-02-23 10:36:50,0.26674365997314453,0.3117057681083679,0.3714466094970703,0.394786536693573,0.4586198329925537,0.5529899597167969,0.5751436948776245,0.575623631477356,0.606734037399292,0.5810430645942688,0.550420880317688,0.4914570748806,0.438389390707016,0.4426553249359131,0.49422764778137207,0.4840400815010071,0.4933737516403198,0.47489988803863525,0.4359372556209564,0.39044705033302307,0.3559407591819763
15258,Benign,2018-02-23 10:37:10,0.3714466094970703,0.394786536693573,0.4586198329925537,0.5529899597167969,0.5751436948776245,0.575623631477356,0.606734037399292,0.5810430645942688,0.550420880317688,0.4914570748806,0.438389390707016,0.4426553249359131,0.49422764778137207,0.4840400815010071,0.4933737516403198,0.47489988803863525,0.4359372556209564,0.39044705033302307,0.3559407591819763,0.3543001711368561,0.318453311920166
15262,Benign,2018-02-23 10:37:50,0.5751436948776245,0.575623631477356,0.606734037399292,0.5810430645942688,0.550420880317688,0.4914570748806,0.438389390707016,0.4426553249359131,0.49422764778137207,0.4840400815010071,0.4933737516403198,0.47489988803863525,0.4359372556209564,0.39044705033302307,0.3559407591819763,0.3543001711368561,0.318453311920166,0.3529942035675049,0.38645845651626587,0.40425577759742737,0.41615575551986694
15266,Benign,2018-02-23 10:38:30,0.550420880317688,0.4914570748806,0.438389390707016,0.4426553249359131,0.49422764778137207,0.4840400815010071,0.4933737516403198,0.47489988803863525,0.4359372556209564,0.39044705033302307,0.3559407591819763,0.3543001711368561,0.318453311920166,0.3529942035675049,0.38645845651626587,0.40425577759742737,0.41615575551986694,0.4106735289096832,0.383423388004303,0.35865968465805054,0.31214556097984314
15268,Benign,2018-02-23 10:38:50,0.438389390707016,0.4426553249359131,0.49422764778137207,0.4840400815010071,0.4933737516403198,0.47489988803863525,0.4359372556209564,0.39044705033302307,0.3559407591819763,0.3543001711368561,0.318453311920166,0.3529942035675049,0.38645845651626587,0.40425577759742737,0.41615575551986694,0.4106735289096832,0.383423388004303,0.35865968465805054,0.31214556097984314,0.25455984473228455,0.24099932610988617
15270,Benign,2018-02-23 10:39:10,0.49422764778137207,0.4840400815010071,0.4933737516403198,0.47489988803863525,0.4359372556209564,0.39044705033302307,0.3559407591819763,0.3543001711368561,0.318453311920166,0.3529942035675049,0.38645845651626587,0.40425577759742737,0.41615575551986694,0.4106735289096832,0.383423388004303,0.35865968465805054,0.31214556097984314,0.25455984473228455,0.24099932610988617,0.21180666983127594,0.19912804663181305
15273,Benign,2018-02-23 10:39:40,0.47489988803863525,0.4359372556209564,0.39044705033302307,0.3559407591819763,0.3543001711368561,0.318453311920166,0.3529942035675049,0.38645845651626587,0.40425577759742737,0.41615575551986694,0.4106735289096832,0.383423388004303,0.35865968465805054,0.31214556097984314,0.25455984473228455,0.24099932610988617,0.21180666983127594,0.19912804663181305,0.23821565508842468,0.29718729853630066,0.3317399024963379
15275,Benign,2018-02-23 10:40:00,0.39044705033302307,0.3559407591819763,0.3543001711368561,0.318453311920166,0.3529942035675049,0.38645845651626587,0.40425577759742737,0.41615575551986694,0.4106735289096832,0.383423388004303,0.35865968465805054,0.31214556097984314,0.25455984473228455,0.24099932610988617,0.21180666983127594,0.19912804663181305,0.23821565508842468,0.29718729853630066,0.3317399024963379,0.372769832611084,0.4421631097793579
15279,Benign,2018-02-23 10:40:40,0.3529942035675049,0.38645845651626587,0.40425577759742737,0.41615575551986694,0.4106735289096832,0.383423388004303,0.35865968465805054,0.31214556097984314,0.25455984473228455,0.24099932610988617,0.21180666983127594,0.19912804663181305,0.23821565508842468,0.29718729853630066,0.3317399024963379,0.372769832611084,0.4421631097793579,0.510962724685669,0.5411677360534668,0.5135502219200134,0.42608827352523804
15283,Benign,2018-02-23 10:41:20,0.4106735289096832,0.383423388004303,0.35865968465805054,0.31214556097984314,0.25455984473228455,0.24099932610988617,0.21180666983127594,0.19912804663181305,0.23821565508842468,0.29718729853630066,0.3317399024963379,0.372769832611084,0.4421631097793579,0.510962724685669,0.5411677360534668,0.5135502219200134,0.42608827352523804,0.3980672359466553,0.3703712522983551,0.36113691329956055,0.37868285179138184
15285,Benign,2018-02-23 10:41:40,0.35865968465805054,0.31214556097984314,0.25455984473228455,0.24099932610988617,0.21180666983127594,0.19912804663181305,0.23821565508842468,0.29718729853630066,0.3317399024963379,0.372769832611084,0.4421631097793579,0.510962724685669,0.5411677360534668,0.5135502219200134,0.42608827352523804,0.3980672359466553,0.3703712522983551,0.36113691329956055,0.37868285179138184,0.3742210865020752,0.41125133633613586
15291,Benign,2018-02-23 10:42:40,0.23821565508842468,0.29718729853630066,0.3317399024963379,0.372769832611084,0.4421631097793579,0.510962724685669,0.5411677360534668,0.5135502219200134,0.42608827352523804,0.3980672359466553,0.3703712522983551,0.36113691329956055,0.37868285179138184,0.3742210865020752,0.41125133633613586,0.46853333711624146,0.5088973641395569,0.490008145570755,0.47486746311187744,0.46567562222480774,0.4492723345756531
15296,Benign,2018-02-23 10:43:30,0.510962724685669,0.5411677360534668,0.5135502219200134,0.42608827352523804,0.3980672359466553,0.3703712522983551,0.36113691329956055,0.37868285179138184,0.3742210865020752,0.41125133633613586,0.46853333711624146,0.5088973641395569,0.490008145570755,0.47486746311187744,0.46567562222480774,0.4492723345756531,0.4337556064128876,0.4169881045818329,0.4135810434818268,0.40433117747306824,0.3943798542022705
15299,Benign,2018-02-23 10:44:00,0.42608827352523804,0.3980672359466553,0.3703712522983551,0.36113691329956055,0.37868285179138184,0.3742210865020752,0.41125133633613586,0.46853333711624146,0.5088973641395569,0.490008145570755,0.47486746311187744,0.46567562222480774,0.4492723345756531,0.4337556064128876,0.4169881045818329,0.4135810434818268,0.40433117747306824,0.3943798542022705,0.41820240020751953,0.4625346064567566,0.5090253353118896
15302,Benign,2018-02-23 10:44:30,0.36113691329956055,0.37868285179138184,0.3742210865020752,0.41125133633613586,0.46853333711624146,0.5088973641395569,0.490008145570755,0.47486746311187744,0.46567562222480774,0.4492723345756531,0.4337556064128876,0.4169881045818329,0.4135810434818268,0.40433117747306824,0.3943798542022705,0.41820240020751953,0.4625346064567566,0.5090253353118896,0.5628136992454529,0.6171091794967651,0.6233777403831482
15308,Benign,2018-02-23 10:45:30,0.490008145570755,0.47486746311187744,0.46567562222480774,0.4492723345756531,0.4337556064128876,0.4169881045818329,0.4135810434818268,0.40433117747306824,0.3943798542022705,0.41820240020751953,0.4625346064567566,0.5090253353118896,0.5628136992454529,0.6171091794967651,0.6233777403831482,0.6262795329093933,0.6069616079330444,0.5990422368049622,0.5827342867851257,0.5811161994934082,0.575265645980835
15314,Benign,2018-02-23 10:46:30,0.4135810434818268,0.40433117747306824,0.3943798542022705,0.41820240020751953,0.4625346064567566,0.5090253353118896,0.5628136992454529,0.6171091794967651,0.6233777403831482,0.6262795329093933,0.6069616079330444,0.5990422368049622,0.5827342867851257,0.5811161994934082,0.575265645980835,0.54021155834198,0.527820885181427,0.5317221283912659,0.49990394711494446,0.49479779601097107,0.5144104361534119
15316,Benign,2018-02-23 10:46:50,0.3943798542022705,0.41820240020751953,0.4625346064567566,0.5090253353118896,0.5628136992454529,0.6171091794967651,0.6233777403831482,0.6262795329093933,0.6069616079330444,0.5990422368049622,0.5827342867851257,0.5811161994934082,0.575265645980835,0.54021155834198,0.527820885181427,0.5317221283912659,0.49990394711494446,0.49479779601097107,0.5144104361534119,0.5388770699501038,0.5319502353668213
15319,Benign,2018-02-23 10:47:20,0.5090253353118896,0.5628136992454529,0.6171091794967651,0.6233777403831482,0.6262795329093933,0.6069616079330444,0.5990422368049622,0.5827342867851257,0.5811161994934082,0.575265645980835,0.54021155834198,0.527820885181427,0.5317221283912659,0.49990394711494446,0.49479779601097107,0.5144104361534119,0.5388770699501038,0.5319502353668213,0.5183364152908325,0.5204919576644897,0.4876303970813751
15324,Benign,2018-02-23 10:48:10,0.6069616079330444,0.5990422368049622,0.5827342867851257,0.5811161994934082,0.575265645980835,0.54021155834198,0.527820885181427,0.5317221283912659,0.49990394711494446,0.49479779601097107,0.5144104361534119,0.5388770699501038,0.5319502353668213,0.5183364152908325,0.5204919576644897,0.4876303970813751,0.46411871910095215,0.4810936152935028,0.48304232954978943,0.4844771921634674,0.48757943511009216
15331,Benign,2018-02-23 10:49:20,0.5317221283912659,0.49990394711494446,0.49479779601097107,0.5144104361534119,0.5388770699501038,0.5319502353668213,0.5183364152908325,0.5204919576644897,0.4876303970813751,0.46411871910095215,0.4810936152935028,0.48304232954978943,0.4844771921634674,0.48757943511009216,0.5044927597045898,0.47897833585739136,0.4777968227863312,0.502250611782074,0.5461397767066956,0.598961353302002,0.5859724879264832
15336,Benign,2018-02-23 10:50:10,0.5319502353668213,0.5183364152908325,0.5204919576644897,0.4876303970813751,0.46411871910095215,0.4810936152935028,0.48304232954978943,0.4844771921634674,0.48757943511009216,0.5044927597045898,0.47897833585739136,0.4777968227863312,0.502250611782074,0.5461397767066956,0.598961353302002,0.5859724879264832,0.5976911783218384,0.632788896560669,0.670508623123169,0.6702315211296082,0.6878698468208313
15341,Benign,2018-02-23 10:51:00,0.4810936152935028,0.48304232954978943,0.4844771921634674,0.48757943511009216,0.5044927597045898,0.47897833585739136,0.4777968227863312,0.502250611782074,0.5461397767066956,0.598961353302002,0.5859724879264832,0.5976911783218384,0.632788896560669,0.670508623123169,0.6702315211296082,0.6878698468208313,0.699430525302887,0.6563624739646912,0.579207181930542,0.4796634018421173,0.43215760588645935
15348,Benign,2018-02-23 10:52:10,0.502250611782074,0.5461397767066956,0.598961353302002,0.5859724879264832,0.5976911783218384,0.632788896560669,0.670508623123169,0.6702315211296082,0.6878698468208313,0.699430525302887,0.6563624739646912,0.579207181930542,0.4796634018421173,0.43215760588645935,0.38612034916877747,0.38994184136390686,0.40204885601997375,0.33646348118782043,0.3203020393848419,0.32288599014282227,0.3610726594924927
15352,Benign,2018-02-23 10:52:50,0.5976911783218384,0.632788896560669,0.670508623123169,0.6702315211296082,0.6878698468208313,0.699430525302887,0.6563624739646912,0.579207181930542,0.4796634018421173,0.43215760588645935,0.38612034916877747,0.38994184136390686,0.40204885601997375,0.33646348118782043,0.3203020393848419,0.32288599014282227,0.3610726594924927,0.37625622749328613,0.380863755941391,0.4003099501132965,0.40433335304260254
15354,Benign,2018-02-23 10:53:10,0.670508623123169,0.6702315211296082,0.6878698468208313,0.699430525302887,0.6563624739646912,0.579207181930542,0.4796634018421173,0.43215760588645935,0.38612034916877747,0.38994184136390686,0.40204885601997375,0.33646348118782043,0.3203020393848419,0.32288599014282227,0.3610726594924927,0.37625622749328613,0.380863755941391,0.4003099501132965,0.40433335304260254,0.37246593832969666,0.3232155442237854
15357,Benign,2018-02-23 10:53:40,0.699430525302887,0.6563624739646912,0.579207181930542,0.4796634018421173,0.43215760588645935,0.38612034916877747,0.38994184136390686,0.40204885601997375,0.33646348118782043,0.3203020393848419,0.32288599014282227,0.3610726594924927,0.37625622749328613,0.380863755941391,0.4003099501132965,0.40433335304260254,0.37246593832969666,0.3232155442237854,0.275603711605072,0.25714874267578125,0.255766361951828
15360,Benign,2018-02-23 10:54:10,0.4796634018421173,0.43215760588645935,0.38612034916877747,0.38994184136390686,0.40204885601997375,0.33646348118782043,0.3203020393848419,0.32288599014282227,0.3610726594924927,0.37625622749328613,0.380863755941391,0.4003099501132965,0.40433335304260254,0.37246593832969666,0.3232155442237854,0.275603711605072,0.25714874267578125,0.255766361951828,0.2291792631149292,0.20091916620731354,0.20373746752738953
15365,Benign,2018-02-23 10:55:00,0.33646348118782043,0.3203020393848419,0.32288599014282227,0.3610726594924927,0.37625622749328613,0.380863755941391,0.4003099501132965,0.40433335304260254,0.37246593832969666,0.3232155442237854,0.275603711605072,0.25714874267578125,0.255766361951828,0.2291792631149292,0.20091916620731354,0.20373746752738953,0.23852531611919403,0.24903078377246857,0.2497834712266922,0.26216500997543335,0.2902851402759552
15369,Benign,2018-02-23 10:55:40,0.37625622749328613,0.380863755941391,0.4003099501132965,0.40433335304260254,0.37246593832969666,0.3232155442237854,0.275603711605072,0.25714874267578125,0.255766361951828,0.2291792631149292,0.20091916620731354,0.20373746752738953,0.23852531611919403,0.24903078377246857,0.2497834712266922,0.26216500997543335,0.2902851402759552,0.2957966923713684,0.3150210380554199,0.3250911831855774,0.3478907346725464
15371,Benign,2018-02-23 10:56:00,0.4003099501132965,0.40433335304260254,0.37246593832969666,0.3232155442237854,0.275603711605072,0.25714874267578125,0.255766361951828,0.2291792631149292,0.20091916620731354,0.20373746752738953,0.23852531611919403,0.24903078377246857,0.2497834712266922,0.26216500997543335,0.2902851402759552,0.2957966923713684,0.3150210380554199,0.3250911831855774,0.3478907346725464,0.3364529013633728,0.36818286776542664
15374,Benign,2018-02-23 10:56:30,0.3232155442237854,0.275603711605072,0.25714874267578125,0.255766361951828,0.2291792631149292,0.20091916620731354,0.20373746752738953,0.23852531611919403,0.24903078377246857,0.2497834712266922,0.26216500997543335,0.2902851402759552,0.2957966923713684,0.3150210380554199,0.3250911831855774,0.3478907346725464,0.3364529013633728,0.36818286776542664,0.3593996465206146,0.3145524859428406,0.26717761158943176
15377,Benign,2018-02-23 10:57:00,0.255766361951828,0.2291792631149292,0.20091916620731354,0.20373746752738953,0.23852531611919403,0.24903078377246857,0.2497834712266922,0.26216500997543335,0.2902851402759552,0.2957966923713684,0.3150210380554199,0.3250911831855774,0.3478907346725464,0.3364529013633728,0.36818286776542664,0.3593996465206146,0.3145524859428406,0.26717761158943176,0.21583378314971924,0.19667987525463104,0.19136300683021545
15382,Benign,2018-02-23 10:57:50,0.24903078377246857,0.2497834712266922,0.26216500997543335,0.2902851402759552,0.2957966923713684,0.3150210380554199,0.3250911831855774,0.3478907346725464,0.3364529013633728,0.36818286776542664,0.3593996465206146,0.3145524859428406,0.26717761158943176,0.21583378314971924,0.19667987525463104,0.19136300683021545,0.18959061801433563,0.2328907698392868,0.29675552248954773,0.3472287952899933,0.4514065086841583
15388,Benign,2018-02-23 10:58:50,0.3250911831855774,0.3478907346725464,0.3364529013633728,0.36818286776542664,0.3593996465206146,0.3145524859428406,0.26717761158943176,0.21583378314971924,0.19667987525463104,0.19136300683021545,0.18959061801433563,0.2328907698392868,0.29675552248954773,0.3472287952899933,0.4514065086841583,0.5353843569755554,0.6119951605796814,0.5815694332122803,0.5833512544631958,0.5777822732925415,0.5552545189857483
15394,Benign,2018-02-23 10:59:50,0.26717761158943176,0.21583378314971924,0.19667987525463104,0.19136300683021545,0.18959061801433563,0.2328907698392868,0.29675552248954773,0.3472287952899933,0.4514065086841583,0.5353843569755554,0.6119951605796814,0.5815694332122803,0.5833512544631958,0.5777822732925415,0.5552545189857483,0.5344947576522827,0.48987066745758057,0.45346543192863464,0.38894909620285034,0.34215691685676575,0.340757817029953
15400,Benign,2018-02-23 11:00:50,0.29675552248954773,0.3472287952899933,0.4514065086841583,0.5353843569755554,0.6119951605796814,0.5815694332122803,0.5833512544631958,0.5777822732925415,0.5552545189857483,0.5344947576522827,0.48987066745758057,0.45346543192863464,0.38894909620285034,0.34215691685676575,0.340757817029953,0.36471351981163025,0.3663898706436157,0.36452409625053406,0.37488505244255066,0.3748963475227356,0.3799273669719696
15406,Benign,2018-02-23 11:01:50,0.5833512544631958,0.5777822732925415,0.5552545189857483,0.5344947576522827,0.48987066745758057,0.45346543192863464,0.38894909620285034,0.34215691685676575,0.340757817029953,0.36471351981163025,0.3663898706436157,0.36452409625053406,0.37488505244255066,0.3748963475227356,0.3799273669719696,0.38845348358154297,0.4186207056045532,0.421988844871521,0.43565940856933594,0.4418242573738098,0.46477949619293213
15412,Benign,2018-02-23 11:02:50,0.38894909620285034,0.34215691685676575,0.340757817029953,0.36471351981163025,0.3663898706436157,0.36452409625053406,0.37488505244255066,0.3748963475227356,0.3799273669719696,0.38845348358154297,0.4186207056045532,0.421988844871521,0.43565940856933594,0.4418242573738098,0.46477949619293213,0.47230249643325806,0.41057440638542175,0.35603684186935425,0.22420844435691833,0.20726564526557922,0.21297097206115723
16367,Benign,2018-02-28 01:42:00,0.7576103210449219,0.7350119352340698,0.4004127085208893,0.1422136425971985,0.18162502348423004,0.10524187237024307,0.2550146281719208,0.19438420236110687,0.1494026929140091,0.4362787902355194,0.46598532795906067,0.19631624221801758,0.04013784974813461,0.06861183792352676,0.46216464042663574,0.466858446598053,0.4784179925918579,0.3802116811275482,0.8397980332374573,0.6970261335372925,0.6471341252326965
19655,Benign,2018-02-28 10:50:00,0.9653137922286987,0.9749317169189453,0.988853931427002,0.9947431087493896,0.9944580793380737,0.9945301413536072,0.9930088520050049,0.9924702644348145,0.9949074387550354,0.9973180890083313,0.9975726008415222,0.9972768425941467,0.9963926672935486,0.9955417513847351,0.9950680732727051,0.9968611001968384,0.9980610013008118,0.997669517993927,0.9970564842224121,0.9963167905807495,0.9969156980514526
