actual,predicted_prob,predicted_label
0.0,0.44790947,1
0.0,0.44617105,1
0.0,0.44488078,1
0.0,0.44498312,1
0.0,0.44833606,1
0.0,0.44557604,1
0.0,0.444551,1
0.0,0.44946578,1
0.0,0.45024478,1
0.0,0.45067158,1
0.0,0.4519961,1
0.0,0.45023823,1
0.0,0.45094883,1
0.0,0.45150068,1
0.0,0.45070824,1
0.0,0.44891447,1
0.0,0.4488454,1
0.0,0.44388828,1
0.0,0.44662452,1
0.0,0.44777855,1
0.0,0.4450133,1
0.0,0.44504544,1
0.0,0.44416615,1
0.0,0.44182742,1
0.0,0.44220996,1
0.0,0.44372505,1
0.0,0.44644913,1
0.0,0.4459074,1
0.0,0.44904953,1
0.0,0.44925198,1
0.0,0.44982842,1
0.0,0.4513867,1
0.0,0.45283896,1
0.0,0.45819697,1
0.0,0.45571467,1
0.0,0.4582918,1
0.0,0.46273735,1
0.0,0.46804988,1
0.0,0.54093456,1
0.0,0.5514144,1
0.0,0.58320045,1
0.0,0.67038584,1
0.0,0.7494977,1
0.0,0.7285205,1
0.0,0.80105394,1
0.0,0.76864845,1
0.0,0.72182274,1
0.0,0.7235199,1
0.0,0.50481576,1
0.0,0.59008807,1
0.0,0.62453836,1
0.0,0.57506555,1
0.0,0.6540087,1
0.0,0.6693574,1
0.0,0.66295904,1
0.0,0.62229127,1
0.0,0.5612739,1
0.0,0.6006683,1
0.0,0.66936404,1
0.0,0.5668242,1
0.0,0.48807788,1
0.0,0.49149013,1
0.0,0.5266183,1
0.0,0.5414245,1
0.0,0.63902324,1
0.0,0.67073554,1
0.0,0.6821033,1
0.0,0.6373705,1
0.0,0.5575231,1
0.0,0.56856996,1
0.0,0.5204578,1
0.0,0.47981113,1
0.0,0.46433607,1
0.0,0.45918137,1
0.0,0.45285666,1
0.0,0.4492948,1
0.0,0.4476864,1
0.0,0.44650856,1
0.0,0.4526645,1
0.0,0.4508953,1
0.0,0.45741215,1
0.0,0.45592114,1
0.0,0.45380336,1
0.0,0.45675227,1
0.0,0.45040193,1
0.0,0.45454085,1
0.0,0.45332977,1
0.0,0.45606056,1
0.0,0.46111846,1
0.0,0.46014646,1
0.0,0.45741615,1
0.0,0.46139216,1
0.0,0.45933202,1
0.0,0.5733892,1
0.0,0.913222,1
0.0,0.8785588,1
0.0,0.9133737,1
0.0,0.8976215,1
0.0,0.8868216,1
0.0,0.96324,1
0.0,0.97695446,1
0.0,0.97088,1
0.0,0.9874527,1
0.0,0.50483674,1
0.0,0.49416158,1
0.0,0.51931345,1
0.0,0.5289237,1
0.0,0.5357057,1
0.0,0.47060174,1
0.0,0.49003738,1
0.0,0.48966742,1
0.0,0.4653556,1
0.0,0.55257595,1
0.0,0.71893483,1
0.0,0.6738794,1
0.0,0.6313459,1
0.0,0.5884322,1
0.0,0.6839439,1
0.0,0.6591837,1
0.0,0.6599916,1
0.0,0.52163845,1
0.0,0.63370585,1
0.0,0.45696464,1
0.0,0.45645806,1
0.0,0.4644323,1
0.0,0.4634762,1
0.0,0.4612628,1
0.0,0.45419306,1
0.0,0.4607839,1
0.0,0.46777117,1
0.0,0.468617,1
0.0,0.4662661,1
0.0,0.46381325,1
0.0,0.464182,1
0.0,0.46394786,1
0.0,0.46825916,1
0.0,0.47326046,1
0.0,0.5707434,1
0.0,0.6272864,1
0.0,0.5300229,1
0.0,0.56672287,1
0.0,0.61044955,1
0.0,0.5643259,1
0.0,0.6050907,1
0.0,0.5113285,1
0.0,0.5139518,1
0.0,0.5013031,1
0.0,0.4829182,1
0.0,0.47240958,1
0.0,0.4653877,1
0.0,0.4609617,1
0.0,0.45665058,1
0.0,0.4531125,1
0.0,0.462767,1
0.0,0.46585557,1
0.0,0.45799536,1
0.0,0.45715067,1
0.0,0.45763007,1
0.0,0.4613812,1
0.0,0.4714959,1
0.0,0.92698634,1
0.0,0.9862574,1
0.0,0.98901725,1
0.0,0.986166,1
0.0,0.9806264,1
0.0,0.98311424,1
0.0,0.9794001,1
0.0,0.96880674,1
0.0,0.9702022,1
0.0,0.9657137,1
0.0,0.4550657,1
0.0,0.45670795,1
0.0,0.46639362,1
0.0,0.4695476,1
0.0,0.4688392,1
0.0,0.46702635,1
0.0,0.46992764,1
0.0,0.68320185,1
0.0,0.7845627,1
0.0,0.8338594,1
0.0,0.79581016,1
0.0,0.78498995,1
0.0,0.73416644,1
0.0,0.84613484,1
0.0,0.8840274,1
0.0,0.8882713,1
0.0,0.7667047,1
0.0,0.48280293,1
0.0,0.47574267,1
0.0,0.46688318,1
0.0,0.46332303,1
0.0,0.46148273,1
0.0,0.4590358,1
0.0,0.45766044,1
0.0,0.4592408,1
0.0,0.4623344,1
0.0,0.46134052,1
0.0,0.4636702,1
0.0,0.46305284,1
0.0,0.46369132,1
0.0,0.4639834,1
0.0,0.46653363,1
0.0,0.46431488,1
0.0,0.46356964,1
0.0,0.4646997,1
0.0,0.4624964,1
0.0,0.46856728,1
0.0,0.46843895,1
0.0,0.4707012,1
0.0,0.46792105,1
0.0,0.50509393,1
0.0,0.54203904,1
0.0,0.64215845,1
0.0,0.6082304,1
0.0,0.68822443,1
0.0,0.7412972,1
0.0,0.75919,1
0.0,0.6874632,1
0.0,0.7412676,1
0.0,0.7235932,1
0.0,0.6012821,1
0.0,0.5856661,1
0.0,0.62387663,1
0.0,0.71513677,1
0.0,0.56276256,1
0.0,0.5271286,1
0.0,0.49910402,1
0.0,0.47024214,1
0.0,0.4617697,1
0.0,0.4563706,1
0.0,0.45187703,1
0.0,0.45476007,1
0.0,0.4578325,1
0.0,0.45910332,1
0.0,0.4611296,1
0.0,0.4654192,1
0.0,0.48042682,1
0.0,0.72882783,1
0.0,0.78997904,1
0.0,0.92436004,1
0.0,0.97345036,1
0.0,0.9556524,1
0.0,0.9693606,1
0.0,0.9768643,1
0.0,0.97957075,1
0.0,0.9693793,1
0.0,0.9675304,1
0.0,0.9229832,1
0.0,0.89947814,1
0.0,0.66207635,1
0.0,0.47610438,1
0.0,0.4725381,1
0.0,0.4638424,1
0.0,0.46416146,1
0.0,0.45959747,1
0.0,0.45487854,1
0.0,0.45242226,1
0.0,0.4555637,1
0.0,0.45558995,1
0.0,0.45164803,1
0.0,0.45025843,1
0.0,0.45451516,1
0.0,0.45446754,1
0.0,0.44895637,1
0.0,0.45555001,1
0.0,0.4614998,1
0.0,0.4571876,1
0.0,0.45685968,1
0.0,0.4541849,1
0.0,0.46065992,1
0.0,0.45860654,1
0.0,0.4561799,1
0.0,0.45712045,1
0.0,0.46742234,1
0.0,0.45689258,1
0.0,0.45243666,1
0.0,0.45576236,1
0.0,0.45593542,1
0.0,0.46063432,1
0.0,0.4877203,1
0.0,0.66640663,1
0.0,0.7616297,1
0.0,0.76842076,1
0.0,0.84199667,1
1.0,0.9221924,1
1.0,0.97513956,1
1.0,0.9685508,1
1.0,0.959403,1
1.0,0.8510988,1
1.0,0.48470795,1
1.0,0.46490845,1
1.0,0.46217176,1
1.0,0.46185836,1
1.0,0.46500406,1
1.0,0.46638927,1
1.0,0.47404525,1
1.0,0.5170596,1
1.0,0.61305994,1
1.0,0.6541698,1
1.0,0.709167,1
1.0,0.6187878,1
1.0,0.77959853,1
1.0,0.962627,1
1.0,0.97496575,1
1.0,0.9983347,1
1.0,0.9983758,1
1.0,0.9987149,1
1.0,0.9989027,1
1.0,0.9985441,1
1.0,0.9982381,1
1.0,0.9993969,1
1.0,0.999476,1
1.0,0.9993599,1
1.0,0.99921095,1
1.0,0.9989028,1
1.0,0.9986123,1
1.0,0.9993242,1
1.0,0.9995728,1
1.0,0.99950707,1
1.0,0.9993241,1
1.0,0.9987991,1
1.0,0.9992404,1
1.0,0.99954945,1
1.0,0.9994375,1
1.0,0.9995977,1
1.0,0.99958855,1
1.0,0.9992756,1
1.0,0.9981104,1
1.0,0.99723,1
1.0,0.9963754,1
1.0,0.9990068,1
1.0,0.99949825,1
1.0,0.9993741,1
1.0,0.99926895,1
1.0,0.9991468,1
1.0,0.9989079,1
1.0,0.9989379,1
1.0,0.9994881,1
1.0,0.9996094,1
1.0,0.99942756,1
1.0,0.9993705,1
1.0,0.99913883,1
1.0,0.9985833,1
1.0,0.99810743,1
1.0,0.9968772,1
1.0,0.9917259,1
1.0,0.9874247,1
1.0,0.95918643,1
1.0,0.46931365,1
1.0,0.48886496,1
1.0,0.47609925,1
1.0,0.7986397,1
1.0,0.98744863,1
1.0,0.99328965,1
1.0,0.98508924,1
1.0,0.98327464,1
1.0,0.98309696,1
1.0,0.99288625,1
1.0,0.99907327,1
1.0,0.99910885,1
1.0,0.9947915,1
1.0,0.98774314,1
1.0,0.98628426,1
1.0,0.99074286,1
1.0,0.99903154,1
1.0,0.99909186,1
1.0,0.9990748,1
1.0,0.9987863,1
1.0,0.9971065,1
1.0,0.99546045,1
1.0,0.99913955,1
1.0,0.99954444,1
1.0,0.99913627,1
1.0,0.99886763,1
1.0,0.998565,1
1.0,0.99910396,1
1.0,0.99954045,1
1.0,0.9993905,1
1.0,0.99902153,1
1.0,0.9986696,1
1.0,0.9985202,1
1.0,0.9985997,1
1.0,0.99768806,1
1.0,0.9976173,1
1.0,0.99720615,1
1.0,0.99320316,1
1.0,0.9105854,1
1.0,0.85372365,1
1.0,0.7704984,1
1.0,0.8866438,1
1.0,0.9052324,1
1.0,0.91069,1
1.0,0.88809764,1
1.0,0.86519146,1
1.0,0.8204018,1
1.0,0.72832,1
1.0,0.755621,1
1.0,0.8002409,1
1.0,0.8354433,1
1.0,0.5791599,1
1.0,0.5698337,1
1.0,0.5813658,1
1.0,0.5271898,1
1.0,0.54897857,1
1.0,0.591664,1
1.0,0.63462985,1
1.0,0.59805155,1
1.0,0.5838785,1
1.0,0.6808067,1
1.0,0.64628303,1
1.0,0.6816151,1
1.0,0.6567849,1
1.0,0.78445023,1
1.0,0.78684366,1
1.0,0.7537826,1
1.0,0.9799488,1
1.0,0.9980737,1
1.0,0.99919266,1
1.0,0.9993093,1
1.0,0.99887174,1
1.0,0.9986066,1
1.0,0.99826777,1
1.0,0.998058,1
1.0,0.99365777,1
1.0,0.99299556,1
1.0,0.9990276,1
1.0,0.9992787,1
1.0,0.9992798,1
1.0,0.9990693,1
1.0,0.9984931,1
1.0,0.9984748,1
1.0,0.9985896,1
1.0,0.9993926,1
1.0,0.99920744,1
1.0,0.999433,1
1.0,0.9991973,1
1.0,0.9983267,1
1.0,0.9975682,1
1.0,0.9989818,1
1.0,0.9992494,1
1.0,0.99877816,1
1.0,0.9985409,1
1.0,0.99806565,1
1.0,0.9973295,1
1.0,0.9939997,1
1.0,0.99033314,1
1.0,0.95499486,1
1.0,0.7764193,1
1.0,0.24563959,0
1.0,0.37906063,1
1.0,0.44989938,1
1.0,0.42877853,1
1.0,0.86376756,1
1.0,0.9947758,1
1.0,0.9992016,1
1.0,0.99927276,1
1.0,0.99954504,1
1.0,0.9993932,1
1.0,0.9988709,1
1.0,0.9988372,1
1.0,0.9973705,1
1.0,0.99462986,1
1.0,0.989042,1
1.0,0.964111,1
1.0,0.88993734,1
1.0,0.7798684,1
1.0,0.45540887,1
1.0,0.45011458,1
1.0,0.43756875,1
1.0,0.43771845,1
1.0,0.44532168,1
1.0,0.44929957,1
1.0,0.44869038,1
1.0,0.44666624,1
1.0,0.4546391,1
1.0,0.45992616,1
1.0,0.4593521,1
1.0,0.4676481,1
1.0,0.5087589,1
1.0,0.5868888,1
1.0,0.5492745,1
1.0,0.5156009,1
1.0,0.58602536,1
1.0,0.5634766,1
1.0,0.48299062,1
1.0,0.47539473,1
1.0,0.47614357,1
1.0,0.4806552,1
1.0,0.485538,1
1.0,0.47373298,1
1.0,0.48951676,1
1.0,0.47838855,1
1.0,0.48181027,1
1.0,0.50930417,1
1.0,0.47871763,1
1.0,0.46836048,1
1.0,0.46751684,1
1.0,0.46170178,1
1.0,0.4600418,1
1.0,0.7974396,1
1.0,0.92580676,1
1.0,0.8942788,1
1.0,0.9716371,1
1.0,0.987445,1
1.0,0.99321073,1
1.0,0.9932856,1
1.0,0.99170375,1
1.0,0.9941209,1
1.0,0.9952632,1
1.0,0.97206503,1
1.0,0.9493926,1
1.0,0.9708183,1
1.0,0.57053703,1
1.0,0.47503623,1
1.0,0.45849842,1
1.0,0.46376267,1
1.0,0.46254873,1
1.0,0.4650685,1
1.0,0.46127617,1
1.0,0.45737776,1
1.0,0.4560308,1
1.0,0.979458,1
1.0,0.9969511,1
1.0,0.9978928,1
1.0,0.99754864,1
1.0,0.9969727,1
1.0,0.996238,1
1.0,0.9955521,1
1.0,0.9992312,1
1.0,0.99916065,1
1.0,0.99813014,1
1.0,0.99479973,1
1.0,0.99798703,1
1.0,0.99674714,1
1.0,0.99928325,1
1.0,0.99956423,1
1.0,0.9993919,1
1.0,0.9984604,1
1.0,0.99576074,1
1.0,0.9946339,1
1.0,0.9951385,1
1.0,0.9991917,1
1.0,0.99867404,1
1.0,0.9974968,1
1.0,0.9952271,1
1.0,0.99027926,1
1.0,0.9923848,1
1.0,0.9990889,1
1.0,0.99925536,1
1.0,0.99915004,1
1.0,0.99906296,1
1.0,0.9984875,1
1.0,0.9976394,1
1.0,0.9986533,1
1.0,0.99873084,1
1.0,0.99819857,1
1.0,0.99727064,1
1.0,0.9513391,1
1.0,0.8937967,1
1.0,0.84576863,1
1.0,0.9962548,1
1.0,0.99871445,1
1.0,0.9987141,1
1.0,0.998453,1
1.0,0.9979387,1
1.0,0.99771476,1
1.0,0.9993482,1
1.0,0.9991726,1
1.0,0.998865,1
1.0,0.99817395,1
1.0,0.9977932,1
1.0,0.9975969,1
1.0,0.99736124,1
1.0,0.9966775,1
1.0,0.9970374,1
1.0,0.9964007,1
1.0,0.701803,1
1.0,0.71350425,1
1.0,0.62455153,1
1.0,0.7613172,1
1.0,0.57998145,1
1.0,0.51751655,1
1.0,0.47471955,1
1.0,0.46827662,1
1.0,0.46090078,1
1.0,0.45866206,1
1.0,0.97971857,1
1.0,0.99704236,1
1.0,0.99756914,1
1.0,0.9977695,1
1.0,0.99479395,1
1.0,0.9985745,1
1.0,0.9994394,1
1.0,0.99927837,1
1.0,0.9995484,1
1.0,0.9994824,1
1.0,0.9991804,1
1.0,0.99879444,1
1.0,0.99676174,1
1.0,0.98982495,1
1.0,0.9986286,1
1.0,0.9993529,1
1.0,0.99892706,1
1.0,0.99812883,1
1.0,0.9965108,1
1.0,0.9978382,1
1.0,0.9973787,1
1.0,0.9991843,1
1.0,0.99913114,1
1.0,0.9990414,1
1.0,0.99893636,1
1.0,0.99789774,1
1.0,0.9979594,1
1.0,0.99872154,1
1.0,0.99895835,1
1.0,0.99869615,1
1.0,0.9983327,1
1.0,0.99184364,1
1.0,0.9983798,1
1.0,0.9994343,1
1.0,0.99935776,1
1.0,0.99947006,1
1.0,0.99939907,1
1.0,0.99957687,1
1.0,0.9994504,1
1.0,0.9989184,1
1.0,0.9967649,1
1.0,0.99602306,1
1.0,0.99582565,1
1.0,0.99446046,1
1.0,0.985881,1
1.0,0.9717448,1
0.0,0.9377654,1
0.0,0.45051706,1
0.0,0.4506829,1
0.0,0.4538019,1
0.0,0.45628133,1
0.0,0.45103166,1
0.0,0.45215815,1
0.0,0.45110118,1
0.0,0.4521596,1
0.0,0.4549884,1
0.0,0.45994255,1
0.0,0.45258722,1
0.0,0.4522793,1
0.0,0.44964406,1
0.0,0.44931868,1
0.0,0.45836377,1
0.0,0.45403007,1
0.0,0.45810366,1
0.0,0.4566035,1
0.0,0.4542589,1
0.0,0.4594932,1
0.0,0.466344,1
0.0,0.4713577,1
0.0,0.4719098,1
0.0,0.4873898,1
0.0,0.4756766,1
0.0,0.4757418,1
0.0,0.47039804,1
0.0,0.47235984,1
0.0,0.46908873,1
0.0,0.4758808,1
0.0,0.4739575,1
0.0,0.47640458,1
0.0,0.472992,1
0.0,0.46920234,1
0.0,0.4653929,1
0.0,0.4660774,1
0.0,0.46038446,1
0.0,0.46095276,1
0.0,0.4709088,1
0.0,0.47365302,1
0.0,0.48044047,1
0.0,0.49613255,1
0.0,0.5076497,1
0.0,0.5079531,1
0.0,0.62226355,1
0.0,0.52626425,1
0.0,0.49487445,1
0.0,0.4954941,1
0.0,0.46940485,1
0.0,0.46632662,1
0.0,0.46331412,1
0.0,0.46832776,1
0.0,0.46570364,1
0.0,0.46606165,1
0.0,0.48587987,1
0.0,0.5721623,1
0.0,0.6141419,1
0.0,0.5302103,1
0.0,0.49220884,1
0.0,0.465834,1
0.0,0.4651397,1
0.0,0.4765414,1
0.0,0.47272226,1
0.0,0.46556365,1
0.0,0.4691633,1
0.0,0.46497425,1
0.0,0.45917875,1
0.0,0.4546807,1
0.0,0.4611586,1
0.0,0.4670639,1
0.0,0.46643886,1
0.0,0.46612176,1
0.0,0.4655875,1
0.0,0.46555632,1
0.0,0.46419552,1
0.0,0.51963884,1
0.0,0.537486,1
0.0,0.5707358,1
0.0,0.6409721,1
0.0,0.5376156,1
0.0,0.521181,1
0.0,0.5036254,1
0.0,0.50957054,1
0.0,0.4981961,1
0.0,0.6468158,1
0.0,0.56581074,1
0.0,0.53498733,1
0.0,0.5222039,1
0.0,0.49633268,1
0.0,0.58187467,1
0.0,0.64100903,1
0.0,0.6530554,1
0.0,0.61568147,1
0.0,0.7005647,1
0.0,0.6371788,1
0.0,0.6104361,1
0.0,0.6495544,1
0.0,0.68098897,1
0.0,0.66978335,1
0.0,0.5396618,1
0.0,0.5012596,1
0.0,0.54339665,1
0.0,0.5628135,1
0.0,0.5755247,1
0.0,0.5907511,1
0.0,0.7040187,1
0.0,0.61962736,1
0.0,0.58123326,1
0.0,0.6550454,1
0.0,0.5508418,1
0.0,0.5688019,1
0.0,0.46989843,1
0.0,0.4681097,1
0.0,0.4588221,1
0.0,0.45574865,1
0.0,0.45250914,1
0.0,0.45440248,1
0.0,0.45374098,1
0.0,0.45740208,1
0.0,0.45610726,1
0.0,0.45746705,1
0.0,0.46648636,1
0.0,0.46789977,1
0.0,0.4670764,1
0.0,0.46917307,1
0.0,0.47835106,1
0.0,0.47311103,1
0.0,0.4854059,1
0.0,0.47670823,1
0.0,0.46899188,1
0.0,0.46054712,1
0.0,0.45944533,1
0.0,0.4587413,1
0.0,0.45748132,1
0.0,0.45644832,1
0.0,0.45362654,1
0.0,0.4548202,1
0.0,0.46657136,1
0.0,0.46525154,1
0.0,0.45827156,1
0.0,0.45986924,1
0.0,0.45340848,1
0.0,0.45464274,1
0.0,0.46244305,1
0.0,0.47042134,1
0.0,0.46678352,1
0.0,0.46203268,1
0.0,0.454994,1
0.0,0.4521998,1
0.0,0.4568634,1
0.0,0.46554598,1
0.0,0.4645564,1
0.0,0.4609703,1
0.0,0.4605894,1
0.0,0.45990267,1
0.0,0.46568236,1
0.0,0.4593127,1
0.0,0.45792958,1
0.0,0.45320657,1
0.0,0.45315164,1
0.0,0.45208135,1
0.0,0.45689023,1
0.0,0.47862655,1
0.0,0.52395856,1
0.0,0.5379225,1
0.0,0.50946254,1
0.0,0.53531283,1
0.0,0.550311,1
0.0,0.60457575,1
0.0,0.6246492,1
0.0,0.78759485,1
0.0,0.9337676,1
0.0,0.60487014,1
0.0,0.49592635,1
0.0,0.48061764,1
0.0,0.47336942,1
0.0,0.89698845,1
0.0,0.98828506,1
0.0,0.9973686,1
0.0,0.99911135,1
0.0,0.9991002,1
0.0,0.9988174,1
0.0,0.9981786,1
0.0,0.99808264,1
0.0,0.9975339,1
0.0,0.9977228,1
0.0,0.9950363,1
0.0,0.9813339,1
0.0,0.9375769,1
0.0,0.4742866,1
0.0,0.46663952,1
0.0,0.46625552,1
0.0,0.46169862,1
0.0,0.46002474,1
0.0,0.45891216,1
0.0,0.461293,1
0.0,0.46150294,1
0.0,0.46469417,1
0.0,0.46314892,1
0.0,0.45683277,1
0.0,0.47190988,1
0.0,0.47890145,1
0.0,0.47895327,1
0.0,0.47165757,1
0.0,0.47289667,1
0.0,0.67480785,1
0.0,0.8103641,1
0.0,0.83029455,1
0.0,0.91055775,1
0.0,0.89436615,1
0.0,0.8108612,1
0.0,0.83954513,1
0.0,0.7976272,1
0.0,0.86588514,1
0.0,0.8395509,1
0.0,0.47120574,1
0.0,0.46625218,1
0.0,0.46642143,1
0.0,0.4680938,1
0.0,0.46924767,1
0.0,0.46145603,1
0.0,0.4631811,1
0.0,0.45967445,1
0.0,0.4622463,1
0.0,0.4570388,1
0.0,0.4572036,1
0.0,0.45973605,1
0.0,0.4541968,1
0.0,0.45400703,1
0.0,0.45676357,1
0.0,0.45986947,1
0.0,0.46033666,1
0.0,0.46271008,1
0.0,0.464195,1
0.0,0.47699448,1
0.0,0.5827145,1
0.0,0.50763196,1
0.0,0.62152016,1
0.0,0.6030325,1
0.0,0.56702566,1
0.0,0.4836111,1
0.0,0.47041902,1
0.0,0.46441,1
0.0,0.46491137,1
0.0,0.46352825,1
0.0,0.46063498,1
0.0,0.45936713,1
0.0,0.4542146,1
0.0,0.45229447,1
0.0,0.44982845,1
0.0,0.4501727,1
0.0,0.44914263,1
0.0,0.45759606,1
0.0,0.4606267,1
0.0,0.4625672,1
0.0,0.46186784,1
0.0,0.46013546,1
0.0,0.46532968,1
0.0,0.4612155,1
0.0,0.46024433,1
0.0,0.45644668,1
0.0,0.45645076,1
0.0,0.45801726,1
0.0,0.4585385,1
0.0,0.45789593,1
0.0,0.4584262,1
0.0,0.45864803,1
0.0,0.45969123,1
0.0,0.461128,1
0.0,0.46101597,1
0.0,0.48320433,1
0.0,0.521199,1
0.0,0.52047014,1
0.0,0.5024202,1
0.0,0.5938581,1
0.0,0.60856795,1
0.0,0.56685966,1
0.0,0.5995746,1
0.0,0.6750705,1
0.0,0.59012365,1
0.0,0.46558207,1
0.0,0.4626568,1
0.0,0.46417758,1
0.0,0.46743336,1
0.0,0.46808535,1
0.0,0.46695533,1
0.0,0.49761385,1
0.0,0.4904546,1
0.0,0.48265392,1
0.0,0.47543415,1
0.0,0.47196686,1
0.0,0.47083727,1
0.0,0.46732605,1
0.0,0.46555126,1
0.0,0.46322247,1
0.0,0.46105438,1
0.0,0.45986524,1
0.0,0.45988712,1
0.0,0.4665897,1
0.0,0.46802637,1
0.0,0.47028348,1
0.0,0.46892422,1
0.0,0.46725586,1
0.0,0.4726284,1
0.0,0.47618434,1
0.0,0.47229463,1
0.0,0.46145532,1
0.0,0.4618716,1
0.0,0.46068117,1
0.0,0.46130103,1
0.0,0.46329498,1
0.0,0.4607372,1
0.0,0.4560466,1
0.0,0.45534006,1
0.0,0.44794127,1
0.0,0.4579873,1
0.0,0.46887138,1
0.0,0.4716504,1
0.0,0.48851082,1
0.0,0.4886457,1
0.0,0.4783067,1
0.0,0.4872718,1
0.0,0.49318725,1
0.0,0.52636486,1
0.0,0.5549222,1
0.0,0.56745857,1
0.0,0.49151248,1
0.0,0.47770834,1
0.0,0.465763,1
0.0,0.4636286,1
0.0,0.5063599,1
0.0,0.54204834,1
0.0,0.55446,1
0.0,0.53065485,1
0.0,0.53852457,1
0.0,0.5050737,1
0.0,0.55582196,1
0.0,0.4925711,1
0.0,0.51998866,1
0.0,0.5264207,1
0.0,0.4614421,1
0.0,0.47009915,1
0.0,0.4695868,1
0.0,0.4782684,1
0.0,0.47170547,1
0.0,0.47250414,1
0.0,0.47042716,1
0.0,0.4772442,1
0.0,0.4671486,1
0.0,0.46852624,1
0.0,0.59499425,1
0.0,0.48541814,1
0.0,0.4779137,1
0.0,0.46562332,1
0.0,0.4602669,1
0.0,0.45210892,1
0.0,0.44863704,1
0.0,0.44890323,1
0.0,0.45060655,1
0.0,0.45125973,1
0.0,0.44929534,1
0.0,0.4512875,1
0.0,0.45299968,1
0.0,0.45822406,1
0.0,0.46058667,1
0.0,0.4615256,1
0.0,0.48313314,1
0.0,0.5022286,1
0.0,0.49418777,1
0.0,0.52350384,1
0.0,0.470925,1
0.0,0.47296503,1
0.0,0.4678783,1
0.0,0.644286,1
0.0,0.7590559,1
0.0,0.8855563,1
0.0,0.86198336,1
0.0,0.94084704,1
0.0,0.98718166,1
0.0,0.99106735,1
0.0,0.9971892,1
0.0,0.997898,1
0.0,0.9973232,1
0.0,0.9915593,1
0.0,0.99141216,1
0.0,0.9776144,1
0.0,0.9752554,1
0.0,0.93950003,1
0.0,0.77941597,1
0.0,0.6555946,1
0.0,0.7361322,1
0.0,0.813741,1
0.0,0.9230875,1
0.0,0.9834759,1
0.0,0.98262656,1
0.0,0.9887904,1
0.0,0.9944364,1
0.0,0.9945287,1
0.0,0.9954869,1
0.0,0.99181026,1
0.0,0.9913406,1
0.0,0.9776602,1
0.0,0.9827161,1
0.0,0.99133086,1
0.0,0.99530053,1
0.0,0.9952225,1
0.0,0.99579924,1
0.0,0.9944951,1
0.0,0.9899082,1
0.0,0.9872896,1
0.0,0.989636,1
0.0,0.9885328,1
0.0,0.9720871,1
0.0,0.9618771,1
0.0,0.9736067,1
0.0,0.9924676,1
0.0,0.99519956,1
0.0,0.99767774,1
0.0,0.998409,1
0.0,0.99455655,1
0.0,0.9892545,1
0.0,0.97579306,1
0.0,0.9414919,1
0.0,0.84574425,1
0.0,0.6476264,1
0.0,0.49652222,1
0.0,0.4679602,1
0.0,0.46150702,1
0.0,0.4578099,1
0.0,0.4614274,1
0.0,0.4598933,1
0.0,0.4612779,1
0.0,0.46148354,1
0.0,0.4626712,1
0.0,0.46096182,1
0.0,0.4625073,1
0.0,0.46269375,1
0.0,0.4612777,1
0.0,0.4628507,1
0.0,0.46065122,1
0.0,0.46539214,1
0.0,0.46657598,1
0.0,0.48422414,1
0.0,0.47667822,1
0.0,0.46736193,1
0.0,0.46543947,1
0.0,0.46092042,1
0.0,0.4626911,1
0.0,0.4575361,1
0.0,0.45757216,1
0.0,0.4540099,1
0.0,0.45604944,1
0.0,0.45128003,1
0.0,0.4542974,1
0.0,0.4657956,1
0.0,0.47230068,1
0.0,0.52277243,1
0.0,0.47095266,1
0.0,0.4669661,1
0.0,0.46142983,1
0.0,0.4660952,1
0.0,0.4638944,1
0.0,0.46591553,1
0.0,0.47187883,1
0.0,0.45873103,1
0.0,0.45229858,1
0.0,0.4593601,1
0.0,0.46481556,1
0.0,0.4600444,1
0.0,0.46395296,1
0.0,0.46619064,1
0.0,0.46613073,1
0.0,0.4642643,1
0.0,0.461374,1
0.0,0.4556122,1
0.0,0.46549958,1
0.0,0.4530984,1
0.0,0.45464522,1
0.0,0.45145446,1
0.0,0.45147803,1
0.0,0.4547651,1
0.0,0.45029405,1
0.0,0.45013854,1
0.0,0.45101148,1
0.0,0.45420793,1
0.0,0.45671132,1
0.0,0.45653495,1
0.0,0.45504066,1
0.0,0.45772356,1
0.0,0.4561537,1
0.0,0.45351386,1
0.0,0.45471293,1
0.0,0.46527433,1
0.0,0.4672125,1
0.0,0.47110638,1
0.0,0.46460083,1
0.0,0.46073937,1
0.0,0.4577808,1
0.0,0.46166742,1
0.0,0.46260953,1
0.0,0.46086916,1
0.0,0.46125072,1
0.0,0.46067342,1
0.0,0.45976323,1
0.0,0.46064708,1
0.0,0.46239054,1
0.0,0.46330798,1
0.0,0.46758664,1
0.0,0.46607324,1
0.0,0.46611094,1
0.0,0.53028387,1
0.0,0.61458635,1
0.0,0.5469662,1
0.0,0.48731437,1
0.0,0.4793899,1
0.0,0.4719856,1
0.0,0.47249648,1
0.0,0.48836958,1
0.0,0.4966484,1
0.0,0.48413885,1
0.0,0.46695217,1
0.0,0.47689274,1
0.0,0.5093617,1
0.0,0.53664315,1
0.0,0.592918,1
0.0,0.7036281,1
0.0,0.6050531,1
0.0,0.4894251,1
0.0,0.4711598,1
0.0,0.46771458,1
0.0,0.4649729,1
0.0,0.46110833,1
0.0,0.46500003,1
0.0,0.46799657,1
0.0,0.46900067,1
0.0,0.4622173,1
0.0,0.461326,1
0.0,0.4637314,1
0.0,0.4682512,1
0.0,0.46715465,1
0.0,0.46320847,1
0.0,0.46393684,1
0.0,0.4648145,1
0.0,0.46350807,1
0.0,0.4633639,1
0.0,0.4608887,1
0.0,0.45883697,1
0.0,0.45576656,1
0.0,0.45403928,1
0.0,0.4509661,1
0.0,0.451662,1
0.0,0.45571676,1
0.0,0.45450342,1
0.0,0.45824355,1
0.0,0.45971242,1
0.0,0.45963022,1
0.0,0.46926135,1
0.0,0.4927046,1
0.0,0.7254457,1
0.0,0.8113263,1
0.0,0.8874656,1
0.0,0.86470366,1
0.0,0.8865179,1
0.0,0.97037685,1
0.0,0.9807747,1
0.0,0.9757903,1
0.0,0.97778225,1
0.0,0.96167994,1
0.0,0.9183604,1
0.0,0.9005028,1
0.0,0.94333506,1
0.0,0.9968598,1
0.0,0.99817574,1
0.0,0.9874582,1
0.0,0.9936045,1
0.0,0.9956403,1
0.0,0.99698144,1
0.0,0.99726355,1
0.0,0.99533385,1
0.0,0.99085325,1
0.0,0.98289305,1
0.0,0.46289924,1
0.0,0.46226355,1
0.0,0.47058085,1
0.0,0.5039437,1
0.0,0.5235438,1
0.0,0.4673754,1
0.0,0.46246484,1
0.0,0.46099058,1
0.0,0.46145257,1
0.0,0.46345788,1
0.0,0.46769035,1
0.0,0.4671742,1
0.0,0.46559963,1
0.0,0.46637163,1
0.0,0.47541714,1
0.0,0.50018334,1
0.0,0.49855542,1
0.0,0.47839367,1
0.0,0.47788262,1
0.0,0.4811355,1
0.0,0.4787738,1
0.0,0.473529,1
0.0,0.47521204,1
0.0,0.46969458,1
0.0,0.4679847,1
0.0,0.46935573,1
0.0,0.4749478,1
0.0,0.47476116,1
0.0,0.4669802,1
0.0,0.46823496,1
0.0,0.4625168,1
0.0,0.46478692,1
0.0,0.45868522,1
0.0,0.45902538,1
0.0,0.45663276,1
0.0,0.4628651,1
0.0,0.46946064,1
0.0,0.46634394,1
0.0,0.46216235,1
0.0,0.4634656,1
0.0,0.46708524,1
0.0,0.46662328,1
0.0,0.46351963,1
0.0,0.45790026,1
0.0,0.46467075,1
0.0,0.458349,1
0.0,0.4548513,1
0.0,0.45517462,1
0.0,0.45070404,1
0.0,0.45314807,1
0.0,0.45843232,1
0.0,0.45804948,1
0.0,0.4660402,1
0.0,0.46619,1
0.0,0.47302184,1
0.0,0.48225358,1
0.0,0.5329485,1
0.0,0.64719725,1
0.0,0.64170283,1
0.0,0.5646876,1
0.0,0.4915911,1
0.0,0.5089103,1
0.0,0.470476,1
0.0,0.46750227,1
0.0,0.46455196,1
0.0,0.46458694,1
0.0,0.46159935,1
0.0,0.46298742,1
0.0,0.47584334,1
0.0,0.49565408,1
0.0,0.52081203,1
0.0,0.6081638,1
0.0,0.5322647,1
0.0,0.48940784,1
0.0,0.47490856,1
0.0,0.4693907,1
0.0,0.4685448,1
0.0,0.46604124,1
0.0,0.45881724,1
0.0,0.46148872,1
0.0,0.45988843,1
0.0,0.4603509,1
0.0,0.45671183,1
0.0,0.46102682,1
0.0,0.45967937,1
0.0,0.45963675,1
0.0,0.46101466,1
0.0,0.4584902,1
0.0,0.46003947,1
0.0,0.46242288,1
0.0,0.46286705,1
0.0,0.46278933,1
0.0,0.4673071,1
0.0,0.47019792,1
0.0,0.4680386,1
0.0,0.46164304,1
0.0,0.4673575,1
0.0,0.46519685,1
0.0,0.45806673,1
0.0,0.4628455,1
0.0,0.4622977,1
0.0,0.4633716,1
0.0,0.4595734,1
0.0,0.45706847,1
0.0,0.464366,1
0.0,0.46981978,1
0.0,0.46700442,1
0.0,0.46417436,1
0.0,0.46330124,1
0.0,0.46756864,1
0.0,0.4678003,1
0.0,0.45967463,1
0.0,0.45968422,1
0.0,0.45987025,1
0.0,0.45788184,1
0.0,0.45512918,1
0.0,0.4535478,1
0.0,0.45600978,1
0.0,0.4553712,1
0.0,0.45652103,1
0.0,0.45636934,1
0.0,0.46159357,1
0.0,0.458369,1
0.0,0.46171033,1
0.0,0.46321946,1
0.0,0.46910045,1
0.0,0.4832877,1
0.0,0.46732995,1
0.0,0.45921198,1
0.0,0.4577896,1
0.0,0.4591979,1
0.0,0.45730376,1
0.0,0.45509136,1
0.0,0.45109448,1
0.0,0.45337382,1
0.0,0.45013955,1
0.0,0.4504118,1
0.0,0.4533571,1
0.0,0.45496553,1
0.0,0.4533474,1
0.0,0.45513526,1
0.0,0.45650515,1
0.0,0.46044874,1
0.0,0.4606625,1
0.0,0.45659882,1
0.0,0.4664203,1
0.0,0.46617994,1
0.0,0.46329576,1
0.0,0.46176785,1
0.0,0.4670037,1
0.0,0.4586705,1
0.0,0.45495668,1
0.0,0.45410573,1
0.0,0.45875588,1
0.0,0.45518866,1
0.0,0.45279703,1
0.0,0.4565125,1
0.0,0.4623149,1
0.0,0.46529865,1
0.0,0.46873346,1
0.0,0.50645727,1
0.0,0.5787097,1
0.0,0.6303739,1
0.0,0.6638211,1
0.0,0.76571816,1
0.0,0.7509796,1
0.0,0.69805765,1
0.0,0.57548344,1
0.0,0.6546155,1
0.0,0.56293106,1
0.0,0.5689216,1
0.0,0.48464456,1
0.0,0.4883258,1
0.0,0.49323815,1
0.0,0.5236058,1
0.0,0.46909562,1
0.0,0.46145695,1
0.0,0.45337102,1
0.0,0.4550573,1
0.0,0.4554035,1
0.0,0.45772296,1
0.0,0.4777339,1
0.0,0.48253408,1
0.0,0.47291896,1
0.0,0.47616848,1
0.0,0.49505365,1
0.0,0.5335782,1
0.0,0.5673509,1
0.0,0.54931325,1
0.0,0.6126115,1
0.0,0.6725129,1
0.0,0.5996571,1
0.0,0.6006321,1
0.0,0.56850713,1
0.0,0.5181802,1
0.0,0.47050577,1
0.0,0.46999964,1
0.0,0.46630827,1
0.0,0.47380748,1
0.0,0.46230555,1
0.0,0.45277902,1
0.0,0.4543136,1
0.0,0.45765084,1
0.0,0.45652547,1
0.0,0.4603966,1
0.0,0.45630902,1
0.0,0.4546477,1
0.0,0.4596025,1
0.0,0.4553841,1
0.0,0.45618474,1
0.0,0.46046644,1
0.0,0.45850182,1
0.0,0.4560091,1
0.0,0.45378196,1
0.0,0.4573171,1
0.0,0.4603503,1
0.0,0.46659744,1
0.0,0.4651144,1
0.0,0.46241197,1
0.0,0.463564,1
0.0,0.46419206,1
0.0,0.46001273,1
0.0,0.46134615,1
0.0,0.4563273,1
0.0,0.45469058,1
0.0,0.46610096,1
0.0,0.46290106,1
0.0,0.46161565,1
0.0,0.45782167,1
0.0,0.4537799,1
0.0,0.45785576,1
0.0,0.45667627,1
0.0,0.45802096,1
0.0,0.46009296,1
0.0,0.45973998,1
0.0,0.45444816,1
0.0,0.46037722,1
0.0,0.45523763,1
0.0,0.45511922,1
0.0,0.45551038,1
0.0,0.45038122,1
0.0,0.4531329,1
0.0,0.45102137,1
0.0,0.45230424,1
0.0,0.44753957,1
0.0,0.453377,1
0.0,0.4576141,1
0.0,0.45734987,1
0.0,0.45604062,1
0.0,0.45593482,1
0.0,0.4632142,1
0.0,0.460651,1
0.0,0.46148142,1
0.0,0.45975295,1
0.0,0.45249024,1
0.0,0.45506978,1
0.0,0.45385188,1
0.0,0.45169133,1
0.0,0.45613772,1
0.0,0.46373895,1
0.0,0.46090353,1
0.0,0.4597335,1
0.0,0.4597,1
0.0,0.4622435,1
0.0,0.4809516,1
0.0,0.47147048,1
0.0,0.50148106,1
0.0,0.48945677,1
0.0,0.47656175,1
0.0,0.4739403,1
0.0,0.48340327,1
0.0,0.50816065,1
0.0,0.56680626,1
0.0,0.56184214,1
0.0,0.4807122,1
0.0,0.4982577,1
0.0,0.47189143,1
0.0,0.4742455,1
0.0,0.46391132,1
0.0,0.4594248,1
0.0,0.45643625,1
0.0,0.4507356,1
0.0,0.45256117,1
0.0,0.4500327,1
0.0,0.45854923,1
0.0,0.45904377,1
0.0,0.46085957,1
0.0,0.45859662,1
0.0,0.45552176,1
0.0,0.45461467,1
0.0,0.4522304,1
0.0,0.4635288,1
0.0,0.46692073,1
0.0,0.4720378,1
0.0,0.46678644,1
0.0,0.46049556,1
0.0,0.45852563,1
0.0,0.45519015,1
0.0,0.46830264,1
0.0,0.46836665,1
0.0,0.46670938,1
0.0,0.46569088,1
0.0,0.46580046,1
0.0,0.45659038,1
0.0,0.4644712,1
0.0,0.49323648,1
0.0,0.48749942,1
0.0,0.47928846,1
0.0,0.46949005,1
0.0,0.4667475,1
0.0,0.5076772,1
0.0,0.505851,1
0.0,0.52464366,1
0.0,0.63796306,1
0.0,0.4847348,1
0.0,0.47030672,1
0.0,0.4612751,1
0.0,0.4640183,1
0.0,0.4633177,1
0.0,0.4604508,1
0.0,0.45882824,1
0.0,0.4531465,1
0.0,0.4567108,1
0.0,0.46387592,1
0.0,0.46248364,1
0.0,0.4588889,1
0.0,0.4619606,1
0.0,0.45865735,1
0.0,0.45925537,1
0.0,0.46073973,1
0.0,0.4587959,1
0.0,0.4595619,1
0.0,0.46305355,1
0.0,0.4603323,1
0.0,0.46258357,1
0.0,0.46108988,1
0.0,0.45949414,1
0.0,0.46111977,1
0.0,0.45586058,1
0.0,0.45796573,1
0.0,0.45238385,1
0.0,0.45341495,1
0.0,0.4515956,1
0.0,0.45274755,1
0.0,0.45204172,1
0.0,0.45723584,1
0.0,0.45619318,1
0.0,0.4544411,1
0.0,0.45575717,1
0.0,0.4578969,1
0.0,0.46517527,1
0.0,0.46453395,1
0.0,0.4626044,1
0.0,0.466309,1
0.0,0.46293244,1
0.0,0.45745218,1
0.0,0.45847616,1
0.0,0.45727503,1
0.0,0.4542238,1
0.0,0.4510559,1
0.0,0.45784858,1
0.0,0.4611776,1
0.0,0.46687707,1
0.0,0.46674395,1
0.0,0.4719513,1
0.0,0.4751678,1
0.0,0.46418312,1
0.0,0.45933777,1
0.0,0.46149442,1
0.0,0.4577894,1
0.0,0.45262903,1
0.0,0.44753474,1
0.0,0.44556,1
0.0,0.44998512,1
0.0,0.4482753,1
0.0,0.45276034,1
0.0,0.45655847,1
0.0,0.45903456,1
0.0,0.466309,1
0.0,0.4878339,1
0.0,0.4793533,1
0.0,0.5134755,1
0.0,0.54617196,1
0.0,0.5371367,1
0.0,0.5550834,1
0.0,0.4934532,1
0.0,0.47654995,1
0.0,0.4803156,1
0.0,0.46242654,1
0.0,0.45701844,1
0.0,0.45817494,1
0.0,0.46385103,1
0.0,0.4628747,1
0.0,0.4623718,1
0.0,0.45726794,1
0.0,0.4543267,1
0.0,0.4536953,1
0.0,0.45284814,1
0.0,0.45131025,1
0.0,0.45880875,1
0.0,0.45824984,1
0.0,0.4520516,1
0.0,0.44972214,1
0.0,0.45260635,1
0.0,0.4510742,1
0.0,0.45187113,1
0.0,0.45723674,1
0.0,0.46938896,1
0.0,0.4810432,1
0.0,0.46877435,1
0.0,0.46293774,1
0.0,0.49798128,1
0.0,0.4740513,1
0.0,0.47498503,1
0.0,0.792743,1
0.0,0.7870546,1
0.0,0.520831,1
0.0,0.4666454,1
0.0,0.46162444,1
0.0,0.46183848,1
0.0,0.5278147,1
0.0,0.50907594,1
0.0,0.4817241,1
0.0,0.45545706,1
0.0,0.4492052,1
0.0,0.44951552,1
0.0,0.45846257,1
0.0,0.46201843,1
0.0,0.48191124,1
0.0,0.45331654,1
0.0,0.45173174,1
0.0,0.45787105,1
0.0,0.4605889,1
0.0,0.49289837,1
0.0,0.49932185,1
0.0,0.47135812,1
0.0,0.47777396,1
0.0,0.47158644,1
0.0,0.49553326,1
0.0,0.48386285,1
0.0,0.48125917,1
0.0,0.45918977,1
0.0,0.46870604,1
0.0,0.464469,1
0.0,0.45360804,1
0.0,0.45099598,1
0.0,0.45263746,1
0.0,0.45779425,1
0.0,0.27228636,0
0.0,0.3290965,1
0.0,0.52566487,1
0.0,0.63772136,1
0.0,0.55959755,1
0.0,0.6018666,1
0.0,0.59012634,1
0.0,0.59342223,1
0.0,0.4646467,1
0.0,0.45344642,1
0.0,0.48123205,1
0.0,0.62178075,1
0.0,0.4787594,1
0.0,0.43191433,1
0.0,0.4809822,1
0.0,0.49190733,1
0.0,0.48409542,1
0.0,0.57893145,1
0.0,0.7718939,1
0.0,0.7555861,1
0.0,0.68961567,1
0.0,0.48020625,1
0.0,0.45921716,1
0.0,0.46111044,1
0.0,0.45916507,1
0.0,0.4545622,1
0.0,0.45667112,1
0.0,0.46217003,1
0.0,0.45863283,1
0.0,0.46290976,1
0.0,0.4599988,1
0.0,0.4682455,1
0.0,0.97317207,1
0.0,0.99666613,1
0.0,0.9991474,1
0.0,0.9992003,1
0.0,0.9993529,1
0.0,0.999321,1
0.0,0.9978992,1
0.0,0.99579984,1
0.0,0.99139637,1
0.0,0.9847121,1
0.0,0.9588126,1
0.0,0.94095427,1
0.0,0.47190407,1
0.0,0.4670918,1
0.0,0.45619974,1
0.0,0.46306926,1
0.0,0.46760306,1
0.0,0.46767876,1
0.0,0.46415082,1
0.0,0.46665582,1
0.0,0.46727943,1
0.0,0.46329528,1
0.0,0.46156105,1
0.0,0.46303648,1
0.0,0.46967396,1
0.0,0.5349862,1
0.0,0.77319854,1
0.0,0.7270537,1
0.0,0.20433569,0
0.0,0.20582512,0
0.0,0.3201794,1
0.0,0.5538202,1
0.0,0.69465065,1
0.0,0.7761682,1
0.0,0.70899904,1
0.0,0.8099537,1
0.0,0.8898231,1
0.0,0.8498459,1
0.0,0.9904006,1
0.0,0.90749353,1
0.0,0.21805987,0
0.0,0.35283005,1
0.0,0.46671042,1
0.0,0.28205103,0
0.0,0.26289153,0
0.0,0.16620712,0
0.0,0.16461252,0
0.0,0.39177102,1
0.0,0.62780863,1
0.0,0.635642,1
0.0,0.8124434,1
0.0,0.9631581,1
0.0,0.98180723,1
0.0,0.99024254,1
0.0,0.995167,1
0.0,0.98715115,1
0.0,0.98613364,1
0.0,0.9659481,1
0.0,0.97405225,1
0.0,0.96063524,1
0.0,0.8154984,1
0.0,0.4554164,1
0.0,0.4406785,1
0.0,0.45522502,1
0.0,0.46626282,1
0.0,0.52226573,1
0.0,0.59655833,1
0.0,0.8921162,1
0.0,0.07773437,0
0.0,0.16762155,0
0.0,0.018733686,0
0.0,0.07749614,0
0.0,0.05952472,0
0.0,0.17641756,0
0.0,0.3918542,1
0.0,0.46004248,1
0.0,0.47205436,1
0.0,0.41376916,1
0.0,0.42636597,1
0.0,0.39116243,1
0.0,0.39178503,1
0.0,0.08633199,0
0.0,0.0084105,0
0.0,0.0020159273,0
0.0,0.0011605627,0
0.0,0.0009555758,0
0.0,0.00089757144,0
0.0,0.0008700648,0
0.0,0.0008555517,0
0.0,0.0008459573,0
0.0,0.00084182003,0
0.0,0.00084182003,0
0.0,0.00084182003,0
0.0,0.00084182003,0
0.0,0.00084182003,0
0.0,0.00084182003,0
0.0,0.00084182003,0
0.0,0.00084182003,0
0.0,0.00084182003,0
0.0,0.00084182003,0
0.0,0.00084182003,0
0.0,0.00084182003,0
0.0,0.00084182003,0
0.0,0.00084182003,0
0.0,0.00084182003,0
0.0,0.00084182003,0
0.0,0.00084182003,0
0.0,0.00084182003,0
0.0,0.00084182003,0
0.0,0.00084182003,0
0.0,0.00084182003,0
0.0,0.00084182003,0
0.0,0.00084182003,0
0.0,0.00084182003,0
0.0,0.00084182003,0
0.0,0.00084182003,0
0.0,0.00084182003,0
0.0,0.00084182003,0
0.0,0.00084182003,0
0.0,0.00084182003,0
0.0,0.00084182003,0
0.0,0.00084182003,0
0.0,0.00084182003,0
0.0,0.00084182003,0
0.0,0.00084182003,0
0.0,0.00084182003,0
0.0,0.00084182003,0
0.0,0.00084182003,0
0.0,0.00084182003,0
0.0,0.00084182003,0
0.0,0.00084182003,0
0.0,0.00084182003,0
0.0,0.00084182003,0
0.0,0.00084182003,0
0.0,0.00084182003,0
0.0,0.00084182003,0
0.0,0.00084182003,0
0.0,0.00084182003,0
0.0,0.00084182003,0
0.0,0.00084182003,0
0.0,0.00084182003,0
0.0,0.00084182003,0
0.0,0.00084182003,0
0.0,0.00084182003,0
0.0,0.00084182003,0
0.0,0.00084182003,0
0.0,0.00084182003,0
0.0,0.00084182003,0
0.0,0.00084182003,0
0.0,0.00084182003,0
0.0,0.00084182003,0
0.0,0.00084182003,0
0.0,0.00084182003,0
0.0,0.00084182003,0
0.0,0.00084182003,0
0.0,0.00084182003,0
0.0,0.00084182003,0
0.0,0.00084182003,0
0.0,0.00084182003,0
0.0,0.00084182003,0
0.0,0.00084182003,0
0.0,0.00084182003,0
0.0,0.00084182003,0
0.0,0.00084182003,0
0.0,0.00084182003,0
0.0,0.00084182003,0
0.0,0.00084182003,0
0.0,0.00084182003,0
0.0,0.00084182003,0
0.0,0.00084182003,0
0.0,0.00084182003,0
0.0,0.00084182003,0
0.0,0.00084182003,0
0.0,0.00084182003,0
0.0,0.00084182003,0
0.0,0.00084182003,0
0.0,0.00084182003,0
0.0,0.00084182003,0
0.0,0.00084182003,0
0.0,0.00084182003,0
0.0,0.00084182003,0
0.0,0.00084182003,0
0.0,0.00084182003,0
0.0,0.00084182003,0
0.0,0.00084182003,0
0.0,0.00084182003,0
0.0,0.00084182003,0
0.0,0.00084182003,0
0.0,0.00084182003,0
0.0,0.00084182003,0
0.0,0.00084182003,0
0.0,0.00084182003,0
0.0,0.00084182003,0
0.0,0.00084182003,0
0.0,0.00084182003,0
0.0,0.00084182003,0
0.0,0.00084182003,0
0.0,0.00084182003,0
0.0,0.00084182003,0
0.0,0.00084182003,0
0.0,0.00084182003,0
0.0,0.00084182003,0
0.0,0.00084182003,0
0.0,0.00084182003,0
0.0,0.00084182003,0
0.0,0.00084182003,0
0.0,0.00084182003,0
0.0,0.00084182003,0
0.0,0.00084182003,0
0.0,0.00084182003,0
0.0,0.00084182003,0
0.0,0.00084182003,0
0.0,0.00084182003,0
0.0,0.00084182003,0
0.0,0.00084182003,0
0.0,0.00084182003,0
0.0,0.00084182003,0
0.0,0.00084182003,0
0.0,0.00084182003,0
0.0,0.00084182003,0
0.0,0.00084182003,0
0.0,0.00084182003,0
0.0,0.00084182003,0
0.0,0.00084182003,0
0.0,0.00084182003,0
0.0,0.00084182003,0
0.0,0.00084182003,0
0.0,0.00084182003,0
0.0,0.00084182003,0
0.0,0.00084182003,0
0.0,0.00084182003,0
0.0,0.00084182003,0
0.0,0.00084182003,0
0.0,0.00084182003,0
0.0,0.00084182003,0
0.0,0.00084182003,0
0.0,0.00084182003,0
0.0,0.00084182003,0
0.0,0.00084182003,0
0.0,0.00084182003,0
0.0,0.00084182003,0
0.0,0.00084182003,0
0.0,0.00084182003,0
0.0,0.00084182003,0
0.0,0.00084182003,0
0.0,0.00084182003,0
0.0,0.00084182003,0
0.0,0.00084182003,0
0.0,0.00084182003,0
0.0,0.00084182003,0
0.0,0.00084182003,0
0.0,0.00084182003,0
0.0,0.00084182003,0
0.0,0.00084182003,0
0.0,0.00084182003,0
0.0,0.00084182003,0
0.0,0.00084182003,0
0.0,0.00084182003,0
0.0,0.00084182003,0
0.0,0.00084182003,0
0.0,0.00084182003,0
0.0,0.00084182003,0
0.0,0.00084182003,0
0.0,0.00084182003,0
0.0,0.00084182003,0
0.0,0.00084182003,0
0.0,0.00084182003,0
0.0,0.00084182003,0
0.0,0.00084182003,0
0.0,0.00084182003,0
0.0,0.00084182003,0
0.0,0.00084182003,0
0.0,0.00084182003,0
0.0,0.00084182003,0
0.0,0.00084182003,0
0.0,0.00084182003,0
0.0,0.00084182003,0
0.0,0.00084182003,0
0.0,0.00084182003,0
0.0,0.00084182003,0
0.0,0.00084182003,0
0.0,0.00084182003,0
0.0,0.00084182003,0
0.0,0.00084182003,0
0.0,0.00084182003,0
0.0,0.00084182003,0
0.0,0.00084182003,0
0.0,0.00084182003,0
0.0,0.00084182003,0
0.0,0.00084182003,0
0.0,0.00084182003,0
0.0,0.00084182003,0
0.0,0.00084182003,0
0.0,0.00084182003,0
0.0,0.00084182003,0
0.0,0.00084182003,0
0.0,0.00084182003,0
0.0,0.00084182003,0
0.0,0.00084182003,0
0.0,0.00084182003,0
0.0,0.00084182003,0
0.0,0.00084182003,0
0.0,0.00084182003,0
0.0,0.00084182003,0
0.0,0.00084182003,0
0.0,0.00084182003,0
0.0,0.00084182003,0
0.0,0.00084182003,0
0.0,0.00084182003,0
0.0,0.00084182003,0
0.0,0.00084182003,0
0.0,0.00084182003,0
0.0,0.00084182003,0
0.0,0.00084182003,0
0.0,0.00084182003,0
0.0,0.00084182003,0
0.0,0.00084182003,0
0.0,0.00084182003,0
0.0,0.00084182003,0
0.0,0.00084182003,0
0.0,0.00084182003,0
0.0,0.00084182003,0
0.0,0.00084182003,0
0.0,0.00084182003,0
0.0,0.00084182003,0
0.0,0.00084182003,0
0.0,0.00084182003,0
0.0,0.00084182003,0
0.0,0.00084182003,0
0.0,0.00084182003,0
0.0,0.00084182003,0
0.0,0.00084182003,0
0.0,0.00084182003,0
0.0,0.00084182003,0
0.0,0.00084182003,0
0.0,0.00084182003,0
0.0,0.00084182003,0
0.0,0.00084182003,0
0.0,0.00084182003,0
0.0,0.00084182003,0
0.0,0.00084182003,0
0.0,0.00084182003,0
0.0,0.00084182003,0
0.0,0.00084182003,0
0.0,0.00084182003,0
0.0,0.00084182003,0
0.0,0.00084182003,0
0.0,0.00084182003,0
0.0,0.00084182003,0
0.0,0.00084182003,0
0.0,0.00084182003,0
0.0,0.00084182003,0
0.0,0.00084182003,0
0.0,0.00084182003,0
0.0,0.00084182003,0
0.0,0.00084182003,0
0.0,0.00084182003,0
0.0,0.00084182003,0
0.0,0.00084182003,0
0.0,0.00084182003,0
0.0,0.00084182003,0
0.0,0.00084182003,0
0.0,0.00084182003,0
0.0,0.00084182003,0
0.0,0.00084182003,0
0.0,0.00084182003,0
0.0,0.00084182003,0
0.0,0.00084182003,0
0.0,0.00084182003,0
0.0,0.00084182003,0
0.0,0.00084182003,0
0.0,0.00084182003,0
0.0,0.00084182003,0
0.0,0.00084182003,0
0.0,0.00084182003,0
0.0,0.00084182003,0
0.0,0.00084182003,0
0.0,0.00084182003,0
0.0,0.00084182003,0
0.0,0.00084182003,0
0.0,0.00084182003,0
0.0,0.00084182003,0
0.0,0.00084182003,0
0.0,0.00084182003,0
0.0,0.00084182003,0
0.0,0.00084182003,0
0.0,0.00084182003,0
0.0,0.00084182003,0
0.0,0.00084182003,0
0.0,0.00084182003,0
0.0,0.00084182003,0
0.0,0.00084182003,0
0.0,0.00084182003,0
0.0,0.00084182003,0
0.0,0.00084182003,0
0.0,0.00084182003,0
0.0,0.00084182003,0
0.0,0.00084182003,0
0.0,0.00084182003,0
0.0,0.00084182003,0
0.0,0.00084182003,0
0.0,0.00084182003,0
0.0,0.00084182003,0
0.0,0.00084182003,0
0.0,0.00084182003,0
0.0,0.00084182003,0
0.0,0.00084182003,0
0.0,0.00084182003,0
0.0,0.00084182003,0
0.0,0.00084182003,0
0.0,0.00084182003,0
0.0,0.00084182003,0
0.0,0.00084182003,0
0.0,0.00084182003,0
0.0,0.00084182003,0
0.0,0.00084182003,0
0.0,0.00084182003,0
0.0,0.00084182003,0
0.0,0.00084182003,0
0.0,0.00084182003,0
0.0,0.00084182003,0
0.0,0.00084182003,0
0.0,0.00084182003,0
0.0,0.00084182003,0
0.0,0.00084182003,0
0.0,0.00084182003,0
0.0,0.00084182003,0
0.0,0.00084182003,0
0.0,0.00084182003,0
0.0,0.00084182003,0
0.0,0.00084182003,0
0.0,0.00084182003,0
0.0,0.00084182003,0
0.0,0.00084182003,0
0.0,0.00084182003,0
0.0,0.00084182003,0
0.0,0.00084182003,0
0.0,0.00084182003,0
0.0,0.00084182003,0
0.0,0.00084182003,0
0.0,0.00084182003,0
0.0,0.00084182003,0
0.0,0.00084182003,0
0.0,0.00084182003,0
0.0,0.00084182003,0
0.0,0.00084182003,0
0.0,0.00084182003,0
0.0,0.00084182003,0
0.0,0.00084182003,0
0.0,0.00084182003,0
0.0,0.00084182003,0
0.0,0.00084182003,0
0.0,0.00084182003,0
0.0,0.00084182003,0
0.0,0.00084182003,0
0.0,0.00084182003,0
0.0,0.00084182003,0
0.0,0.00084182003,0
0.0,0.00084182003,0
0.0,0.00084182003,0
0.0,0.00084182003,0
0.0,0.00084182003,0
0.0,0.00084182003,0
0.0,0.00084182003,0
0.0,0.00084182003,0
0.0,0.00084182003,0
0.0,0.00084182003,0
0.0,0.00084182003,0
0.0,0.00084182003,0
0.0,0.00084182003,0
0.0,0.00084182003,0
0.0,0.00084182003,0
0.0,0.00084182003,0
0.0,0.00084182003,0
0.0,0.00084182003,0
0.0,0.00084182003,0
0.0,0.00084182003,0
0.0,0.00084182003,0
0.0,0.00084182003,0
0.0,0.00084182003,0
0.0,0.00084182003,0
0.0,0.00084182003,0
0.0,0.00084182003,0
0.0,0.00084182003,0
0.0,0.00084182003,0
0.0,0.00084182003,0
0.0,0.00084182003,0
0.0,0.00084182003,0
0.0,0.00084182003,0
0.0,0.00084182003,0
0.0,0.00084182003,0
0.0,0.00084182003,0
0.0,0.00084182003,0
0.0,0.00084182003,0
0.0,0.00084182003,0
0.0,0.00084182003,0
0.0,0.00084182003,0
0.0,0.00084182003,0
0.0,0.00084182003,0
0.0,0.00084182003,0
0.0,0.00084182003,0
0.0,0.00084182003,0
0.0,0.00084182003,0
0.0,0.00084182003,0
0.0,0.00084182003,0
0.0,0.00084182003,0
0.0,0.00084182003,0
0.0,0.00084182003,0
0.0,0.00084182003,0
0.0,0.00084182003,0
0.0,0.00084182003,0
0.0,0.00084182003,0
0.0,0.00084182003,0
0.0,0.00084182003,0
0.0,0.00084182003,0
0.0,0.00084182003,0
0.0,0.00084182003,0
0.0,0.00084182003,0
0.0,0.00084182003,0
0.0,0.00084182003,0
0.0,0.00084182003,0
0.0,0.00084182003,0
0.0,0.00084182003,0
0.0,0.00084182003,0
0.0,0.00084182003,0
0.0,0.00084182003,0
0.0,0.00084182003,0
0.0,0.00084182003,0
0.0,0.00084182003,0
0.0,0.00084182003,0
0.0,0.00084182003,0
0.0,0.00084182003,0
0.0,0.00084182003,0
0.0,0.00084182003,0
0.0,0.00084182003,0
0.0,0.00084182003,0
0.0,0.00084182003,0
0.0,0.00084182003,0
0.0,0.00084182003,0
0.0,0.00084182003,0
0.0,0.00084182003,0
0.0,0.00084182003,0
0.0,0.00084182003,0
0.0,0.00084182003,0
0.0,0.00084182003,0
0.0,0.00084182003,0
0.0,0.00084182003,0
0.0,0.00084182003,0
0.0,0.00084182003,0
0.0,0.00084182003,0
0.0,0.00084182003,0
0.0,0.00084182003,0
0.0,0.00084182003,0
0.0,0.00084182003,0
0.0,0.00084182003,0
0.0,0.00084182003,0
0.0,0.00084182003,0
0.0,0.00084182003,0
0.0,0.00084182003,0
0.0,0.00084182003,0
0.0,0.00084182003,0
0.0,0.00084182003,0
0.0,0.00084182003,0
0.0,0.00084182003,0
0.0,0.00084182003,0
0.0,0.00084182003,0
0.0,0.00084182003,0
0.0,0.00084182003,0
0.0,0.00084182003,0
0.0,0.00084182003,0
0.0,0.00084182003,0
0.0,0.00084182003,0
0.0,0.00084182003,0
0.0,0.00084182003,0
0.0,0.00084182003,0
0.0,0.00084182003,0
0.0,0.00084182003,0
0.0,0.00084182003,0
0.0,0.00084182003,0
0.0,0.00084182003,0
0.0,0.00084182003,0
0.0,0.00084182003,0
0.0,0.00084182003,0
0.0,0.00084182003,0
0.0,0.00084182003,0
0.0,0.00084182003,0
0.0,0.00084182003,0
0.0,0.00084182003,0
0.0,0.00084182003,0
0.0,0.00084182003,0
0.0,0.00084182003,0
0.0,0.00084182003,0
0.0,0.00084182003,0
0.0,0.00084182003,0
0.0,0.00084182003,0
0.0,0.00084182003,0
0.0,0.00084182003,0
0.0,0.00084182003,0
0.0,0.00084182003,0
0.0,0.00084182003,0
0.0,0.00084182003,0
0.0,0.00084182003,0
0.0,0.00084182003,0
0.0,0.00084182003,0
0.0,0.00084182003,0
0.0,0.00084182003,0
0.0,0.00084182003,0
0.0,0.00084182003,0
0.0,0.00084182003,0
0.0,0.00084182003,0
0.0,0.00084182003,0
0.0,0.00084182003,0
0.0,0.00084182003,0
0.0,0.00084182003,0
0.0,0.00084182003,0
0.0,0.00084182003,0
0.0,0.00084182003,0
0.0,0.00084182003,0
0.0,0.00084182003,0
0.0,0.00084182003,0
0.0,0.00084182003,0
0.0,0.00084182003,0
0.0,0.00084182003,0
0.0,0.00084182003,0
0.0,0.00084182003,0
0.0,0.00084182003,0
0.0,0.00084182003,0
0.0,0.00084182003,0
0.0,0.00084182003,0
0.0,0.00084182003,0
0.0,0.00084182003,0
0.0,0.00084182003,0
0.0,0.00084182003,0
0.0,0.00084182003,0
0.0,0.00084182003,0
0.0,0.00084182003,0
0.0,0.00084182003,0
0.0,0.00084182003,0
0.0,0.00084182003,0
0.0,0.00084182003,0
0.0,0.00084182003,0
0.0,0.00084182003,0
0.0,0.00084182003,0
0.0,0.00084182003,0
0.0,0.00084182003,0
0.0,0.00084182003,0
0.0,0.00084182003,0
0.0,0.00084182003,0
0.0,0.00084182003,0
0.0,0.00084182003,0
0.0,0.00084182003,0
0.0,0.00084182003,0
0.0,0.00084182003,0
0.0,0.00084182003,0
0.0,0.00084182003,0
0.0,0.00084182003,0
0.0,0.00084182003,0
0.0,0.00084182003,0
0.0,0.00084182003,0
0.0,0.00084182003,0
0.0,0.00084182003,0
0.0,0.00084182003,0
0.0,0.00084182003,0
0.0,0.00084182003,0
0.0,0.00084182003,0
0.0,0.00084182003,0
0.0,0.00084182003,0
0.0,0.00084182003,0
0.0,0.00084182003,0
0.0,0.00084182003,0
0.0,0.00084182003,0
0.0,0.00084182003,0
0.0,0.00084182003,0
0.0,0.00084182003,0
0.0,0.00084182003,0
0.0,0.00084182003,0
0.0,0.00084182003,0
0.0,0.00084182003,0
0.0,0.00084182003,0
0.0,0.00084182003,0
0.0,0.00084182003,0
0.0,0.00084182003,0
0.0,0.00084182003,0
0.0,0.00084182003,0
0.0,0.00084182003,0
0.0,0.00084182003,0
0.0,0.00084182003,0
0.0,0.00084182003,0
0.0,0.00084182003,0
0.0,0.00084182003,0
0.0,0.00084182003,0
0.0,0.00084182003,0
0.0,0.00084182003,0
0.0,0.00084182003,0
0.0,0.00084182003,0
0.0,0.00084182003,0
0.0,0.00084182003,0
0.0,0.00084182003,0
0.0,0.00084182003,0
0.0,0.00084182003,0
0.0,0.00084182003,0
0.0,0.00084182003,0
0.0,0.00084182003,0
0.0,0.00084182003,0
0.0,0.00084182003,0
0.0,0.00084182003,0
0.0,0.00084182003,0
0.0,0.00084182003,0
0.0,0.00084182003,0
0.0,0.00084182003,0
0.0,0.00084182003,0
0.0,0.00084182003,0
0.0,0.00084182003,0
0.0,0.00084182003,0
0.0,0.00084182003,0
0.0,0.00084182003,0
0.0,0.00084182003,0
0.0,0.00084182003,0
0.0,0.00084182003,0
0.0,0.00084182003,0
0.0,0.00084182003,0
0.0,0.00084182003,0
0.0,0.00084182003,0
0.0,0.00084182003,0
0.0,0.00084182003,0
0.0,0.00084182003,0
0.0,0.00084182003,0
0.0,0.00084182003,0
0.0,0.00084182003,0
0.0,0.00084182003,0
0.0,0.00084182003,0
0.0,0.00084182003,0
0.0,0.00084182003,0
0.0,0.00084182003,0
0.0,0.00084182003,0
0.0,0.00084182003,0
0.0,0.00084182003,0
0.0,0.00084182003,0
0.0,0.00084182003,0
0.0,0.00084182003,0
0.0,0.00084182003,0
0.0,0.00084182003,0
0.0,0.00084182003,0
0.0,0.00084182003,0
0.0,0.00084182003,0
0.0,0.00084182003,0
0.0,0.00084182003,0
0.0,0.00084182003,0
0.0,0.00084182003,0
0.0,0.00084182003,0
0.0,0.00084182003,0
0.0,0.00084182003,0
0.0,0.00084182003,0
0.0,0.00084182003,0
0.0,0.00084182003,0
0.0,0.00084182003,0
0.0,0.00084182003,0
0.0,0.00084182003,0
0.0,0.00084182003,0
0.0,0.00084182003,0
0.0,0.00084182003,0
0.0,0.00084182003,0
0.0,0.00084182003,0
0.0,0.00084182003,0
0.0,0.00084182003,0
0.0,0.00084182003,0
0.0,0.00084182003,0
0.0,0.00084182003,0
0.0,0.00084182003,0
0.0,0.00084182003,0
0.0,0.00084182003,0
0.0,0.00084182003,0
0.0,0.00084182003,0
0.0,0.00084182003,0
0.0,0.00084182003,0
0.0,0.00084182003,0
0.0,0.00084182003,0
0.0,0.00084182003,0
0.0,0.00084182003,0
0.0,0.00084182003,0
0.0,0.00084182003,0
0.0,0.00084182003,0
0.0,0.00084182003,0
0.0,0.00084182003,0
0.0,0.00084182003,0
0.0,0.00084182003,0
0.0,0.00084182003,0
0.0,0.00084182003,0
0.0,0.00084182003,0
0.0,0.00084182003,0
0.0,0.00084182003,0
0.0,0.00084182003,0
0.0,0.00084182003,0
0.0,0.00084182003,0
0.0,0.00084182003,0
0.0,0.00084182003,0
0.0,0.00084182003,0
0.0,0.00084182003,0
0.0,0.00084182003,0
0.0,0.00084182003,0
0.0,0.00084182003,0
0.0,0.00084182003,0
0.0,0.00084182003,0
0.0,0.00084182003,0
0.0,0.00084182003,0
0.0,0.00084182003,0
0.0,0.00084182003,0
0.0,0.00084182003,0
0.0,0.00084182003,0
0.0,0.00084182003,0
0.0,0.00084182003,0
0.0,0.00084182003,0
0.0,0.00084182003,0
0.0,0.00084182003,0
0.0,0.00084182003,0
0.0,0.00084182003,0
0.0,0.00084182003,0
0.0,0.00084182003,0
0.0,0.00084182003,0
0.0,0.00084182003,0
0.0,0.00084182003,0
0.0,0.00084182003,0
0.0,0.00084182003,0
0.0,0.00084182003,0
0.0,0.00084182003,0
0.0,0.00084182003,0
0.0,0.00084182003,0
0.0,0.00084182003,0
0.0,0.00084182003,0
0.0,0.00084182003,0
0.0,0.00084182003,0
0.0,0.00084182003,0
0.0,0.00084182003,0
0.0,0.00084182003,0
0.0,0.00084182003,0
0.0,0.00084182003,0
0.0,0.00084182003,0
0.0,0.00084182003,0
0.0,0.00084182003,0
0.0,0.00084182003,0
0.0,0.00084182003,0
0.0,0.00084182003,0
0.0,0.00084182003,0
0.0,0.00084182003,0
0.0,0.00084182003,0
0.0,0.00084182003,0
0.0,0.00084182003,0
0.0,0.00084182003,0
0.0,0.00084182003,0
0.0,0.00084182003,0
0.0,0.00084182003,0
0.0,0.00084182003,0
0.0,0.00084182003,0
0.0,0.00084182003,0
0.0,0.00084182003,0
0.0,0.00084182003,0
0.0,0.00084182003,0
0.0,0.00084182003,0
0.0,0.00084182003,0
0.0,0.00084182003,0
0.0,0.00084182003,0
0.0,0.00084182003,0
0.0,0.00084182003,0
0.0,0.00084182003,0
0.0,0.00084182003,0
0.0,0.00084182003,0
0.0,0.00084182003,0
0.0,0.00084182003,0
0.0,0.00084182003,0
0.0,0.00084182003,0
0.0,0.00084182003,0
0.0,0.00084182003,0
0.0,0.00084182003,0
0.0,0.00084182003,0
0.0,0.00084182003,0
0.0,0.00084182003,0
0.0,0.00084182003,0
0.0,0.00084182003,0
0.0,0.00084182003,0
0.0,0.00084182003,0
0.0,0.00084182003,0
0.0,0.00084182003,0
0.0,0.00084182003,0
0.0,0.00084182003,0
0.0,0.00084182003,0
0.0,0.00084182003,0
0.0,0.00084182003,0
0.0,0.00084182003,0
0.0,0.00084182003,0
0.0,0.00084182003,0
0.0,0.00084182003,0
0.0,0.00084182003,0
0.0,0.00084182003,0
0.0,0.00084182003,0
0.0,0.00084182003,0
0.0,0.00084182003,0
0.0,0.00084182003,0
0.0,0.00084182003,0
0.0,0.00084182003,0
0.0,0.00084182003,0
0.0,0.00084182003,0
0.0,0.00084182003,0
0.0,0.00084182003,0
0.0,0.00084182003,0
0.0,0.00084182003,0
0.0,0.00084182003,0
0.0,0.00084182003,0
0.0,0.00084182003,0
0.0,0.00084182003,0
0.0,0.00084182003,0
0.0,0.00084182003,0
0.0,0.00084182003,0
0.0,0.00084182003,0
0.0,0.00084182003,0
0.0,0.00084182003,0
0.0,0.00084182003,0
0.0,0.00084182003,0
0.0,0.00084182003,0
0.0,0.00084182003,0
0.0,0.00084182003,0
0.0,0.00084182003,0
0.0,0.00084182003,0
0.0,0.00084182003,0
0.0,0.00084182003,0
0.0,0.00084182003,0
0.0,0.00084182003,0
0.0,0.00084182003,0
0.0,0.00084182003,0
0.0,0.00084182003,0
0.0,0.00084182003,0
0.0,0.00084182003,0
0.0,0.00084182003,0
0.0,0.00084182003,0
0.0,0.00084182003,0
0.0,0.00084182003,0
0.0,0.00084182003,0
0.0,0.00084182003,0
0.0,0.00084182003,0
0.0,0.00084182003,0
0.0,0.00084182003,0
0.0,0.00084182003,0
0.0,0.00084182003,0
0.0,0.00084182003,0
0.0,0.00084182003,0
0.0,0.00084182003,0
0.0,0.00084182003,0
0.0,0.00084182003,0
0.0,0.00084182003,0
0.0,0.00084182003,0
0.0,0.00084182003,0
0.0,0.00084182003,0
0.0,0.00084182003,0
0.0,0.00084182003,0
0.0,0.00084182003,0
0.0,0.00084182003,0
0.0,0.00084182003,0
0.0,0.00084182003,0
0.0,0.00084182003,0
0.0,0.00084182003,0
0.0,0.00084182003,0
0.0,0.00084182003,0
0.0,0.00084182003,0
0.0,0.00084182003,0
0.0,0.00084182003,0
0.0,0.00084182003,0
0.0,0.00084182003,0
0.0,0.00084182003,0
0.0,0.00084182003,0
0.0,0.00084182003,0
0.0,0.00084182003,0
0.0,0.00084182003,0
0.0,0.00084182003,0
0.0,0.00084182003,0
0.0,0.00084182003,0
0.0,0.00084182003,0
0.0,0.00084182003,0
0.0,0.00084182003,0
0.0,0.00084182003,0
0.0,0.00084182003,0
0.0,0.00084182003,0
0.0,0.00084182003,0
0.0,0.00084182003,0
0.0,0.00084182003,0
0.0,0.00084182003,0
0.0,0.00084182003,0
0.0,0.00084182003,0
0.0,0.00084182003,0
0.0,0.00084182003,0
0.0,0.00084182003,0
0.0,0.00084182003,0
0.0,0.011571749,0
0.0,0.072396636,0
0.0,0.25793,0
0.0,0.6437068,1
0.0,0.773366,1
0.0,0.7652639,1
0.0,0.6650458,1
0.0,0.59184355,1
0.0,0.5273007,1
0.0,0.4728779,1
0.0,0.5950922,1
0.0,0.57449067,1
0.0,0.49331057,1
0.0,0.60023165,1
0.0,0.73000425,1
0.0,0.81190217,1
0.0,0.78038627,1
0.0,0.8191277,1
0.0,0.8111673,1
0.0,0.82907283,1
0.0,0.7485341,1
0.0,0.6191524,1
0.0,0.4625918,1
0.0,0.47107574,1
0.0,0.46120462,1
0.0,0.46990758,1
0.0,0.47538546,1
0.0,0.4893963,1
0.0,0.5575599,1
0.0,0.5965773,1
0.0,0.59699297,1
0.0,0.56988037,1
0.0,0.57340026,1
0.0,0.5481976,1
0.0,0.5373191,1
0.0,0.56607944,1
0.0,0.47323415,1
0.0,0.47442994,1
0.0,0.4770187,1
0.0,0.5124056,1
0.0,0.5793221,1
0.0,0.62862194,1
0.0,0.5959649,1
0.0,0.57101905,1
0.0,0.5299615,1
0.0,0.48385713,1
0.0,0.47801152,1
0.0,0.4927051,1
0.0,0.46143714,1
0.0,0.4584058,1
0.0,0.46167397,1
0.0,0.4687055,1
0.0,0.46753603,1
0.0,0.47169617,1
0.0,0.47867835,1
0.0,0.49577957,1
0.0,0.52504665,1
0.0,0.5158716,1
0.0,0.5694645,1
0.0,0.50482655,1
0.0,0.47139767,1
0.0,0.46700078,1
0.0,0.46952286,1
0.0,0.4649792,1
0.0,0.46409982,1
0.0,0.46206015,1
0.0,0.4637156,1
0.0,0.4631494,1
0.0,0.46834207,1
0.0,0.4657234,1
0.0,0.46505794,1
0.0,0.46277902,1
0.0,0.46892914,1
0.0,0.46897277,1
0.0,0.46566063,1
0.0,0.462799,1
0.0,0.45959434,1
0.0,0.45923465,1
0.0,0.45815545,1
0.0,0.4798702,1
0.0,0.47182596,1
0.0,0.47680154,1
0.0,0.4747116,1
0.0,0.48721588,1
0.0,0.4830398,1
0.0,0.55062914,1
0.0,0.52063394,1
0.0,0.5045081,1
0.0,0.5071493,1
0.0,0.4749702,1
0.0,0.561377,1
0.0,0.54707897,1
0.0,0.5550243,1
0.0,0.6444847,1
0.0,0.67903763,1
0.0,0.62769145,1
0.0,0.7344026,1
0.0,0.73172295,1
0.0,0.65897536,1
0.0,0.57078767,1
0.0,0.70890206,1
0.0,0.67500657,1
0.0,0.7641425,1
0.0,0.70355195,1
0.0,0.6694623,1
0.0,0.6327171,1
0.0,0.6848957,1
0.0,0.77362674,1
0.0,0.9381431,1
0.0,0.96323705,1
0.0,0.84686434,1
0.0,0.9234118,1
0.0,0.9115154,1
0.0,0.9233372,1
0.0,0.9356552,1
0.0,0.9075777,1
0.0,0.7859247,1
0.0,0.5681377,1
0.0,0.5256699,1
0.0,0.5231462,1
0.0,0.515293,1
0.0,0.5571674,1
0.0,0.62457657,1
0.0,0.60415,1
0.0,0.57955563,1
0.0,0.63106805,1
0.0,0.5727364,1
0.0,0.60169363,1
0.0,0.54257816,1
0.0,0.46895516,1
0.0,0.46226016,1
0.0,0.459331,1
0.0,0.46053317,1
0.0,0.45895466,1
0.0,0.46760216,1
0.0,0.47098804,1
0.0,0.46089035,1
0.0,0.45738998,1
0.0,0.45544904,1
0.0,0.45585406,1
0.0,0.45723674,1
0.0,0.45877826,1
0.0,0.47141492,1
0.0,0.4762696,1
0.0,0.5086029,1
0.0,0.5386422,1
0.0,0.69843596,1
0.0,0.720002,1
0.0,0.8090343,1
0.0,0.9062362,1
0.0,0.91723454,1
0.0,0.8780226,1
0.0,0.74529153,1
0.0,0.6759402,1
0.0,0.55054325,1
0.0,0.5548492,1
0.0,0.6106673,1
0.0,0.55776876,1
0.0,0.52558374,1
0.0,0.50622994,1
0.0,0.6040041,1
0.0,0.6634298,1
0.0,0.62069875,1
0.0,0.6375165,1
0.0,0.6353262,1
0.0,0.6906392,1
0.0,0.6828149,1
0.0,0.7185652,1
0.0,0.6463252,1
0.0,0.79386765,1
0.0,0.78428656,1
0.0,0.8845205,1
0.0,0.89902335,1
0.0,0.88008285,1
0.0,0.77681935,1
0.0,0.7736178,1
0.0,0.695426,1
0.0,0.62550193,1
0.0,0.4864783,1
0.0,0.45389107,1
0.0,0.45101342,1
0.0,0.45112413,1
0.0,0.45262498,1
0.0,0.46355554,1
0.0,0.46827185,1
0.0,0.48325366,1
0.0,0.47044858,1
0.0,0.47767177,1
0.0,0.55506444,1
0.0,0.5835782,1
0.0,0.59139156,1
0.0,0.5570162,1
0.0,0.53584146,1
0.0,0.47039708,1
0.0,0.47685364,1
0.0,0.47891402,1
0.0,0.53855443,1
0.0,0.5849754,1
0.0,0.7374405,1
0.0,0.8652513,1
0.0,0.90249896,1
0.0,0.94444835,1
0.0,0.9517548,1
0.0,0.9702945,1
0.0,0.9697276,1
0.0,0.9368254,1
0.0,0.84961146,1
0.0,0.64628273,1
0.0,0.4771305,1
0.0,0.5321638,1
0.0,0.5850414,1
0.0,0.5219218,1
0.0,0.48765028,1
0.0,0.5499484,1
0.0,0.62118816,1
0.0,0.7053939,1
0.0,0.7316642,1
0.0,0.8179776,1
0.0,0.79532075,1
0.0,0.5412225,1
0.0,0.5637906,1
0.0,0.61297965,1
0.0,0.6350078,1
0.0,0.5042208,1
0.0,0.470734,1
0.0,0.4725907,1
0.0,0.47289634,1
0.0,0.51803654,1
0.0,0.55214584,1
0.0,0.65855783,1
0.0,0.63048565,1
0.0,0.61231494,1
0.0,0.6210354,1
0.0,0.65442926,1
0.0,0.6489353,1
0.0,0.67287195,1
0.0,0.6315525,1
0.0,0.6633573,1
0.0,0.6786412,1
0.0,0.76570934,1
0.0,0.83743674,1
0.0,0.9058389,1
0.0,0.90458864,1
0.0,0.78519505,1
0.0,0.90816504,1
0.0,0.8401171,1
0.0,0.82652694,1
0.0,0.6694534,1
0.0,0.6777535,1
0.0,0.57703614,1
0.0,0.5380374,1
0.0,0.8792926,1
0.0,0.8715155,1
0.0,0.974312,1
0.0,0.9863516,1
0.0,0.97578454,1
0.0,0.9670155,1
0.0,0.9487301,1
0.0,0.93817014,1
0.0,0.8734829,1
0.0,0.8391446,1
0.0,0.49179706,1
0.0,0.5995647,1
0.0,0.47278893,1
0.0,0.46628392,1
0.0,0.46500117,1
0.0,0.46421286,1
0.0,0.47198245,1
0.0,0.4735859,1
0.0,0.50175184,1
0.0,0.4862163,1
0.0,0.49421093,1
0.0,0.58291334,1
0.0,0.6018157,1
0.0,0.5679912,1
0.0,0.6476214,1
0.0,0.68226355,1
0.0,0.7273905,1
0.0,0.76521444,1
0.0,0.74482685,1
0.0,0.72540456,1
0.0,0.6900353,1
0.0,0.6188752,1
0.0,0.6105329,1
0.0,0.88678855,1
0.0,0.77039105,1
0.0,0.59271187,1
0.0,0.57146174,1
0.0,0.5560936,1
0.0,0.7058172,1
0.0,0.7855773,1
0.0,0.7913481,1
0.0,0.7126063,1
0.0,0.831243,1
0.0,0.76337034,1
0.0,0.8764234,1
0.0,0.87893844,1
0.0,0.8830108,1
0.0,0.8886539,1
0.0,0.73062027,1
0.0,0.622869,1
0.0,0.66509944,1
0.0,0.5861645,1
0.0,0.49934438,1
0.0,0.48899058,1
0.0,0.50663185,1
0.0,0.46977013,1
0.0,0.4661209,1
0.0,0.46587166,1
0.0,0.5345945,1
0.0,0.7861281,1
0.0,0.87091213,1
0.0,0.96508646,1
0.0,0.9958532,1
0.0,0.99749196,1
0.0,0.9977768,1
0.0,0.9987436,1
0.0,0.99893695,1
0.0,0.99898654,1
0.0,0.9987361,1
0.0,0.99786216,1
0.0,0.998168,1
0.0,0.99838686,1
0.0,0.9975183,1
0.0,0.9969984,1
0.0,0.9977823,1
0.0,0.99742585,1
0.0,0.9957282,1
0.0,0.9771978,1
0.0,0.9460025,1
0.0,0.7477261,1
0.0,0.47129834,1
0.0,0.46307606,1
0.0,0.46485522,1
0.0,0.46720344,1
0.0,0.48641405,1
0.0,0.47112992,1
0.0,0.49858198,1
0.0,0.5410584,1
0.0,0.7690452,1
0.0,0.81541777,1
0.0,0.9333614,1
0.0,0.65280145,1
0.0,0.5335787,1
0.0,0.5445012,1
0.0,0.46344015,1
0.0,0.6996093,1
0.0,0.49838293,1
0.0,0.51562494,1
0.0,0.51988214,1
0.0,0.63116556,1
0.0,0.6513916,1
0.0,0.5997502,1
0.0,0.6024585,1
0.0,0.92896336,1
0.0,0.9406132,1
0.0,0.7438829,1
0.0,0.79936427,1
0.0,0.85906214,1
0.0,0.6931036,1
0.0,0.81049246,1
0.0,0.7727583,1
0.0,0.7024609,1
0.0,0.588513,1
0.0,0.6146806,1
0.0,0.62063205,1
0.0,0.6260123,1
0.0,0.5466786,1
0.0,0.48659286,1
0.0,0.5068791,1
0.0,0.56306595,1
0.0,0.4701208,1
0.0,0.46645752,1
0.0,0.46397147,1
0.0,0.4638059,1
0.0,0.46396717,1
0.0,0.48247042,1
0.0,0.5903269,1
0.0,0.6833898,1
0.0,0.6282223,1
0.0,0.5591861,1
0.0,0.53190756,1
0.0,0.7546182,1
0.0,0.7486644,1
0.0,0.83761895,1
0.0,0.83268005,1
0.0,0.70375466,1
0.0,0.6742909,1
0.0,0.68167096,1
0.0,0.7150751,1
0.0,0.8502286,1
0.0,0.86780703,1
0.0,0.67558175,1
0.0,0.63513875,1
0.0,0.5123025,1
0.0,0.53938615,1
0.0,0.5588726,1
0.0,0.62276495,1
0.0,0.6434646,1
0.0,0.8475206,1
0.0,0.9047398,1
0.0,0.90967894,1
0.0,0.9155597,1
0.0,0.8893714,1
0.0,0.8340566,1
0.0,0.6598575,1
0.0,0.5630267,1
0.0,0.49266362,1
0.0,0.46773508,1
0.0,0.46538442,1
0.0,0.47302637,1
0.0,0.47547227,1
0.0,0.48737064,1
0.0,0.5845837,1
0.0,0.6140688,1
0.0,0.66845906,1
0.0,0.6572361,1
0.0,0.5880304,1
0.0,0.6759911,1
0.0,0.6655843,1
0.0,0.55335754,1
0.0,0.6457804,1
0.0,0.52992433,1
0.0,0.47622663,1
0.0,0.47468072,1
0.0,0.48330474,1
0.0,0.47523355,1
0.0,0.47117254,1
0.0,0.46914437,1
0.0,0.46342224,1
0.0,0.46311277,1
0.0,0.4559708,1
0.0,0.4541543,1
0.0,0.4541693,1
0.0,0.45924833,1
0.0,0.46026927,1
0.0,0.4612177,1
0.0,0.472923,1
0.0,0.4843644,1
0.0,0.56911874,1
0.0,0.63685966,1
0.0,0.6480614,1
0.0,0.7535665,1
0.0,0.86459076,1
0.0,0.86535394,1
0.0,0.8969838,1
0.0,0.889858,1
0.0,0.7461787,1
0.0,0.74946004,1
0.0,0.6209341,1
0.0,0.5493421,1
0.0,0.5608455,1
0.0,0.58480614,1
0.0,0.7046503,1
0.0,0.7513265,1
0.0,0.7267088,1
0.0,0.5817499,1
0.0,0.539425,1
0.0,0.49356192,1
0.0,0.5021218,1
0.0,0.47147247,1
0.0,0.46709284,1
0.0,0.4667919,1
0.0,0.4666519,1
0.0,0.47220284,1
0.0,0.47215235,1
0.0,0.51897156,1
0.0,0.50510246,1
0.0,0.48412007,1
0.0,0.51497513,1
0.0,0.5038611,1
0.0,0.47928232,1
0.0,0.46704623,1
0.0,0.49043068,1
0.0,0.5010968,1
0.0,0.5602001,1
0.0,0.59846765,1
0.0,0.61600107,1
0.0,0.584296,1
0.0,0.61713314,1
0.0,0.6860754,1
0.0,0.66955966,1
0.0,0.5863717,1
0.0,0.47774184,1
0.0,0.46853137,1
0.0,0.46096238,1
0.0,0.46545026,1
0.0,0.46935093,1
0.0,0.47381207,1
0.0,0.47119632,1
0.0,0.47102442,1
0.0,0.48499325,1
0.0,0.52770424,1
0.0,0.5434663,1
0.0,0.6399242,1
0.0,0.7561986,1
0.0,0.7992612,1
0.0,0.84741324,1
0.0,0.8814154,1
0.0,0.9457402,1
0.0,0.9674751,1
0.0,0.90608555,1
0.0,0.8760811,1
0.0,0.8069571,1
0.0,0.6557461,1
0.0,0.49032915,1
0.0,0.46868843,1
0.0,0.4653107,1
0.0,0.46316412,1
0.0,0.47065556,1
0.0,0.510395,1
0.0,0.5546982,1
0.0,0.6454693,1
0.0,0.74839336,1
0.0,0.7158761,1
0.0,0.7732536,1
0.0,0.7564575,1
0.0,0.66093355,1
0.0,0.5954535,1
0.0,0.48166764,1
0.0,0.46934915,1
0.0,0.46777493,1
0.0,0.4699204,1
0.0,0.47186244,1
0.0,0.4713771,1
0.0,0.4730674,1
0.0,0.49727598,1
0.0,0.4940057,1
0.0,0.5439858,1
0.0,0.60840446,1
0.0,0.69783986,1
0.0,0.7154839,1
0.0,0.62158537,1
0.0,0.6056965,1
0.0,0.61754817,1
0.0,0.6868679,1
0.0,0.5579703,1
0.0,0.5859328,1
0.0,0.6033951,1
0.0,0.49231485,1
0.0,0.49127677,1
0.0,0.48889592,1
0.0,0.494098,1
0.0,0.5186241,1
0.0,0.5848567,1
0.0,0.5544482,1
0.0,0.59375197,1
0.0,0.5656052,1
0.0,0.9052653,1
0.0,0.9182609,1
0.0,0.90908134,1
0.0,0.89810234,1
0.0,0.90025014,1
0.0,0.8824682,1
0.0,0.85725385,1
0.0,0.8326871,1
0.0,0.8224565,1
0.0,0.83498615,1
0.0,0.46216026,1
0.0,0.46258208,1
0.0,0.4678023,1
0.0,0.46468443,1
0.0,0.46536928,1
0.0,0.46958613,1
0.0,0.4721856,1
0.0,0.5267709,1
0.0,0.6048292,1
0.0,0.65069896,1
0.0,0.70443714,1
0.0,0.7060617,1
0.0,0.72740793,1
0.0,0.72519225,1
0.0,0.7269037,1
0.0,0.6966306,1
0.0,0.6619967,1
0.0,0.5828819,1
0.0,0.55271184,1
0.0,0.66655505,1
0.0,0.65495175,1
0.0,0.62434274,1
0.0,0.65665096,1
0.0,0.6913542,1
0.0,0.55354685,1
0.0,0.53151035,1
0.0,0.4705163,1
0.0,0.4635997,1
0.0,0.4700717,1
0.0,0.5506852,1
0.0,0.67221,1
0.0,0.80119586,1
0.0,0.71325326,1
0.0,0.70504373,1
0.0,0.87761223,1
0.0,0.8411211,1
0.0,0.91247153,1
0.0,0.9483934,1
0.0,0.76887643,1
0.0,0.52595943,1
0.0,0.517193,1
0.0,0.55424994,1
0.0,0.6562604,1
0.0,0.5862171,1
0.0,0.9224464,1
0.0,0.93101466,1
0.0,0.95756483,1
0.0,0.9633191,1
0.0,0.978369,1
0.0,0.98353565,1
0.0,0.973216,1
0.0,0.971884,1
0.0,0.9727376,1
0.0,0.97406703,1
0.0,0.6577918,1
0.0,0.73880976,1
0.0,0.7667351,1
0.0,0.64865065,1
0.0,0.56221443,1
0.0,0.5160014,1
0.0,0.56672585,1
0.0,0.5312343,1
0.0,0.5321421,1
0.0,0.7206971,1
0.0,0.85149324,1
0.0,0.9169014,1
0.0,0.9211221,1
0.0,0.9515955,1
0.0,0.9561612,1
0.0,0.92136794,1
0.0,0.9176433,1
0.0,0.85981774,1
0.0,0.79120076,1
0.0,0.57339454,1
0.0,0.5011239,1
0.0,0.47445568,1
0.0,0.4894643,1
0.0,0.47714803,1
0.0,0.5774821,1
0.0,0.66922385,1
0.0,0.6642027,1
0.0,0.62529206,1
0.0,0.6931256,1
0.0,0.65600216,1
0.0,0.66973877,1
0.0,0.6659756,1
0.0,0.6635953,1
0.0,0.6661033,1
0.0,0.48054034,1
0.0,0.49601102,1
0.0,0.4877684,1
0.0,0.4859263,1
0.0,0.5126223,1
0.0,0.5413934,1
0.0,0.5005285,1
0.0,0.52962905,1
0.0,0.60409063,1
0.0,0.5195095,1
0.0,0.5514802,1
0.0,0.4906801,1
0.0,0.5810843,1
0.0,0.62853336,1
0.0,0.54327476,1
0.0,0.54318994,1
0.0,0.5787641,1
0.0,0.60382956,1
0.0,0.57636833,1
0.0,0.57288456,1
0.0,0.5564666,1
0.0,0.5365483,1
0.0,0.4789057,1
0.0,0.4644569,1
0.0,0.46696252,1
0.0,0.46664634,1
0.0,0.4889023,1
0.0,0.48913196,1
0.0,0.48606777,1
0.0,0.4960642,1
0.0,0.48643598,1
0.0,0.47386974,1
0.0,0.4636457,1
0.0,0.4689399,1
0.0,0.47187603,1
0.0,0.47347918,1
0.0,0.4694599,1
0.0,0.47064453,1
0.0,0.5237698,1
0.0,0.62051445,1
0.0,0.6275594,1
0.0,0.6387136,1
0.0,0.76112974,1
0.0,0.78463835,1
0.0,0.83468944,1
0.0,0.88405025,1
0.0,0.89757293,1
0.0,0.9021651,1
0.0,0.7616543,1
0.0,0.7859034,1
0.0,0.9000828,1
0.0,0.94548833,1
0.0,0.97359633,1
0.0,0.973003,1
0.0,0.9109883,1
0.0,0.8137044,1
0.0,0.8105824,1
0.0,0.7497415,1
0.0,0.68117076,1
0.0,0.5646081,1
0.0,0.4976132,1
0.0,0.53188086,1
0.0,0.6325895,1
0.0,0.6589131,1
0.0,0.641546,1
0.0,0.64845026,1
0.0,0.6679405,1
0.0,0.6552861,1
0.0,0.66653425,1
0.0,0.62521124,1
0.0,0.543019,1
0.0,0.5253778,1
0.0,0.5242016,1
0.0,0.54203105,1
0.0,0.5502726,1
0.0,0.55436105,1
0.0,0.5343975,1
0.0,0.52194214,1
0.0,0.5696379,1
0.0,0.6151601,1
0.0,0.5988327,1
0.0,0.56946254,1
0.0,0.503785,1
0.0,0.5020214,1
0.0,0.48048374,1
0.0,0.4717652,1
0.0,0.46924686,1
0.0,0.47349223,1
0.0,0.4853239,1
0.0,0.48078698,1
0.0,0.4733222,1
0.0,0.4730203,1
0.0,0.4843813,1
0.0,0.47904387,1
0.0,0.4718307,1
0.0,0.5194719,1
0.0,0.5730519,1
0.0,0.48268962,1
0.0,0.47374657,1
0.0,0.4716595,1
0.0,0.47035635,1
0.0,0.48010194,1
0.0,0.49570146,1
0.0,0.52962685,1
0.0,0.48573217,1
0.0,0.4655126,1
0.0,0.45943254,1
0.0,0.4621137,1
0.0,0.4655659,1
0.0,0.46326837,1
0.0,0.4575476,1
0.0,0.46060565,1
0.0,0.46177143,1
0.0,0.472823,1
0.0,0.48014075,1
0.0,0.53027576,1
0.0,0.6151459,1
0.0,0.5828597,1
0.0,0.5618506,1
0.0,0.58436656,1
0.0,0.61338305,1
0.0,0.59900147,1
0.0,0.7258286,1
0.0,0.70529914,1
0.0,0.6906375,1
0.0,0.5746545,1
0.0,0.5174262,1
0.0,0.5518042,1
0.0,0.58711404,1
0.0,0.52536803,1
0.0,0.5051543,1
0.0,0.46869093,1
0.0,0.45580268,1
0.0,0.46104324,1
0.0,0.4664547,1
0.0,0.4671082,1
0.0,0.46502128,1
0.0,0.4677551,1
0.0,0.46546116,1
0.0,0.46085683,1
0.0,0.49412686,1
0.0,0.4878887,1
0.0,0.5060126,1
0.0,0.5085708,1
0.0,0.47941527,1
0.0,0.47781566,1
0.0,0.47914433,1
0.0,0.47488597,1
0.0,0.53076917,1
0.0,0.654672,1
0.0,0.4675086,1
0.0,0.4666351,1
0.0,0.4633948,1
0.0,0.46438023,1
0.0,0.4698017,1
0.0,0.47522935,1
0.0,0.4999863,1
0.0,0.49894947,1
0.0,0.4975044,1
0.0,0.53910035,1
0.0,0.69955504,1
0.0,0.79357994,1
0.0,0.80911547,1
0.0,0.87412274,1
0.0,0.9165658,1
0.0,0.89926267,1
0.0,0.9003968,1
0.0,0.89239687,1
0.0,0.9040688,1
0.0,0.841231,1
0.0,0.8563449,1
0.0,0.80711806,1
0.0,0.8005183,1
0.0,0.75396454,1
0.0,0.76032317,1
0.0,0.7268857,1
0.0,0.7354943,1
0.0,0.60066676,1
0.0,0.51983714,1
0.0,0.47380513,1
0.0,0.46446466,1
0.0,0.45809004,1
0.0,0.4572568,1
0.0,0.46782044,1
0.0,0.5411169,1
0.0,0.74275273,1
0.0,0.71358705,1
0.0,0.86042845,1
0.0,0.9035397,1
0.0,0.9436088,1
0.0,0.9627932,1
0.0,0.9726882,1
0.0,0.9669079,1
0.0,0.9198614,1
0.0,0.79840237,1
0.0,0.6937302,1
0.0,0.93040556,1
0.0,0.87590915,1
0.0,0.93170285,1
0.0,0.9376274,1
0.0,0.9613509,1
0.0,0.97447735,1
0.0,0.98274386,1
0.0,0.98502326,1
0.0,0.9635778,1
0.0,0.9746051,1
0.0,0.9412178,1
0.0,0.7851757,1
0.0,0.7714024,1
0.0,0.7520064,1
0.0,0.6008099,1
0.0,0.5684305,1
0.0,0.5729117,1
0.0,0.5954051,1
0.0,0.6233963,1
0.0,0.65596753,1
0.0,0.6624355,1
0.0,0.7672175,1
0.0,0.5615602,1
0.0,0.51902115,1
0.0,0.51384354,1
0.0,0.5504758,1
0.0,0.5114547,1
0.0,0.8035286,1
0.0,0.84954417,1
0.0,0.99269426,1
0.0,0.99776745,1
0.0,0.9981249,1
0.0,0.99840957,1
0.0,0.9984664,1
0.0,0.9985184,1
0.0,0.9991441,1
0.0,0.99953175,1
0.0,0.9994467,1
0.0,0.99924254,1
0.0,0.9983638,1
0.0,0.9980959,1
0.0,0.9981998,1
0.0,0.9993149,1
0.0,0.9995648,1
0.0,0.99941623,1
0.0,0.9990901,1
1.0,0.9985852,1
1.0,0.9990847,1
1.0,0.99952507,1
1.0,0.9994166,1
1.0,0.99959034,1
1.0,0.9995447,1
1.0,0.99928707,1
1.0,0.9991259,1
1.0,0.99887663,1
1.0,0.99859697,1
1.0,0.99868387,1
1.0,0.9994531,1
1.0,0.9993749,1
1.0,0.9990853,1
1.0,0.99888426,1
1.0,0.9988071,1
1.0,0.99859434,1
1.0,0.9987262,1
1.0,0.9994567,1
1.0,0.99939597,1
1.0,0.9991616,1
1.0,0.9978137,1
1.0,0.99751544,1
1.0,0.99761033,1
1.0,0.99879897,1
1.0,0.99929535,1
1.0,0.9991702,1
1.0,0.99874914,1
1.0,0.9957873,1
1.0,0.99668616,1
1.0,0.9960828,1
1.0,0.99881077,1
1.0,0.99947816,1
1.0,0.9992175,1
1.0,0.99886346,1
1.0,0.9978713,1
1.0,0.99781185,1
1.0,0.9963505,1
1.0,0.99577004,1
1.0,0.9992016,1
1.0,0.9990639,1
1.0,0.99828595,1
1.0,0.99708134,1
1.0,0.9969272,1
1.0,0.9960866,1
1.0,0.99627715,1
1.0,0.9977533,1
1.0,0.9979545,1
1.0,0.9973719,1
1.0,0.8653799,1
1.0,0.837088,1
1.0,0.8431491,1
1.0,0.86941445,1
1.0,0.8583702,1
1.0,0.86916536,1
1.0,0.72686934,1
1.0,0.47542652,1
1.0,0.4919048,1
1.0,0.48745912,1
1.0,0.47304663,1
1.0,0.9887664,1
1.0,0.99787736,1
1.0,0.9978708,1
1.0,0.9979698,1
1.0,0.99818194,1
1.0,0.9991709,1
1.0,0.9994848,1
1.0,0.9994923,1
1.0,0.9995943,1
1.0,0.9994436,1
1.0,0.9991203,1
1.0,0.9990996,1
1.0,0.99889237,1
1.0,0.99849343,1
1.0,0.9986986,1
1.0,0.9994369,1
1.0,0.9991953,1
1.0,0.99872094,1
1.0,0.99745506,1
1.0,0.9967884,1
1.0,0.9993309,1
1.0,0.9993975,1
1.0,0.9990841,1
1.0,0.9995359,1
1.0,0.99938154,1
1.0,0.9989458,1
1.0,0.9987029,1
1.0,0.998659,1
1.0,0.9965977,1
1.0,0.995181,1
1.0,0.9979976,1
1.0,0.9983052,1
1.0,0.99789584,1
1.0,0.99584323,1
1.0,0.99606544,1
1.0,0.9990238,1
1.0,0.99951625,1
1.0,0.9993395,1
1.0,0.9994711,1
1.0,0.99958163,1
1.0,0.99952865,1
1.0,0.9993031,1
1.0,0.99888676,1
1.0,0.9983948,1
1.0,0.996968,1
1.0,0.9961545,1
1.0,0.9909112,1
1.0,0.9928047,1
1.0,0.9903904,1
1.0,0.6702157,1
1.0,0.6642504,1
1.0,0.7274262,1
1.0,0.88126546,1
1.0,0.92060447,1
1.0,0.9626332,1
1.0,0.99016565,1
1.0,0.99262744,1
1.0,0.9983687,1
1.0,0.9985771,1
1.0,0.9986858,1
1.0,0.9978886,1
1.0,0.9969963,1
1.0,0.995839,1
1.0,0.9978892,1
1.0,0.99934846,1
1.0,0.9992353,1
1.0,0.9991592,1
1.0,0.9989023,1
1.0,0.99869967,1
1.0,0.99891734,1
1.0,0.9994815,1
1.0,0.9993718,1
1.0,0.9990939,1
1.0,0.9987287,1
1.0,0.9968244,1
1.0,0.9991147,1
1.0,0.99949634,1
1.0,0.9996031,1
1.0,0.9995103,1
1.0,0.9993599,1
1.0,0.9990767,1
1.0,0.99896896,1
1.0,0.99860066,1
1.0,0.9994591,1
1.0,0.99934155,1
1.0,0.9991466,1
1.0,0.9989755,1
1.0,0.998374,1
1.0,0.99800926,1
1.0,0.9993218,1
1.0,0.9995602,1
1.0,0.99943894,1
1.0,0.9992574,1
1.0,0.99905354,1
1.0,0.99872524,1
1.0,0.9984862,1
1.0,0.9993424,1
1.0,0.9992667,1
1.0,0.9991709,1
1.0,0.9986584,1
1.0,0.99693596,1
1.0,0.99751604,1
1.0,0.9992526,1
1.0,0.9995425,1
1.0,0.9994041,1
1.0,0.9993073,1
1.0,0.9990158,1
1.0,0.99854654,1
1.0,0.99816304,1
1.0,0.9979553,1
1.0,0.99785584,1
1.0,0.99758303,1
1.0,0.996445,1
1.0,0.85842973,1
1.0,0.9967616,1
1.0,0.99876237,1
1.0,0.9988695,1
1.0,0.9985885,1
1.0,0.9972861,1
1.0,0.9955509,1
1.0,0.9956838,1
1.0,0.99295384,1
1.0,0.99290174,1
1.0,0.99175173,1
1.0,0.5247793,1
1.0,0.5252447,1
1.0,0.6555216,1
1.0,0.71891683,1
1.0,0.79680496,1
1.0,0.88330317,1
1.0,0.7964592,1
1.0,0.8573631,1
1.0,0.82235587,1
1.0,0.8886521,1
1.0,0.6616341,1
1.0,0.48166364,1
1.0,0.46096602,1
1.0,0.45421982,1
1.0,0.97760004,1
1.0,0.99626946,1
1.0,0.99840385,1
1.0,0.99847764,1
1.0,0.9982475,1
1.0,0.9963888,1
1.0,0.99751943,1
1.0,0.99823207,1
1.0,0.9977469,1
1.0,0.99732167,1
1.0,0.99343634,1
1.0,0.99251187,1
1.0,0.99899584,1
1.0,0.99915075,1
1.0,0.9991067,1
1.0,0.9987845,1
1.0,0.9982002,1
1.0,0.9979359,1
1.0,0.99753964,1
1.0,0.99703145,1
1.0,0.99833715,1
1.0,0.9994018,1
1.0,0.99905354,1
1.0,0.99907696,1
1.0,0.9988662,1
1.0,0.9986772,1
1.0,0.9987956,1
1.0,0.9984182,1
1.0,0.99936944,1
1.0,0.99921465,1
1.0,0.99908936,1
1.0,0.99891675,1
1.0,0.99800986,1
1.0,0.99750036,1
1.0,0.99918896,1
1.0,0.9990584,1
1.0,0.99861383,1
1.0,0.99836475,1
1.0,0.9942471,1
1.0,0.9987256,1
1.0,0.99930716,1
1.0,0.9995666,1
1.0,0.99943453,1
1.0,0.99957806,1
1.0,0.9996364,1
1.0,0.99952745,1
1.0,0.99885774,1
1.0,0.9988433,1
1.0,0.9986312,1
1.0,0.9987099,1
1.0,0.997976,1
1.0,0.99570245,1
1.0,0.99495775,1
1.0,0.9836165,1
1.0,0.5134921,1
1.0,0.5234392,1
1.0,0.7130179,1
1.0,0.5895747,1
1.0,0.5458705,1
1.0,0.48144615,1
1.0,0.46707422,1
1.0,0.47607332,1
1.0,0.4893387,1
1.0,0.4693248,1
1.0,0.46062437,1
1.0,0.4616344,1
1.0,0.46259776,1
1.0,0.46324888,1
1.0,0.4660229,1
1.0,0.59157777,1
1.0,0.9422934,1
1.0,0.97360355,1
1.0,0.98154473,1
1.0,0.982634,1
1.0,0.9771905,1
1.0,0.9706816,1
1.0,0.9621979,1
1.0,0.96367306,1
1.0,0.9356506,1
1.0,0.62232226,1
1.0,0.45835838,1
1.0,0.4673937,1
1.0,0.50433487,1
1.0,0.5462886,1
1.0,0.56359094,1
1.0,0.5145549,1
1.0,0.48712215,1
1.0,0.4785086,1
1.0,0.532933,1
1.0,0.49830905,1
1.0,0.46826866,1
1.0,0.46035266,1
1.0,0.45635322,1
1.0,0.45772955,1
1.0,0.46049783,1
1.0,0.46274325,1
1.0,0.46489954,1
1.0,0.46054524,1
1.0,0.4588696,1
1.0,0.45998195,1
1.0,0.46733454,1
1.0,0.4660941,1
1.0,0.46613628,1
1.0,0.46956763,1
1.0,0.475293,1
1.0,0.48664808,1
1.0,0.4728764,1
1.0,0.48214298,1
1.0,0.4701834,1
1.0,0.4670086,1
1.0,0.470873,1
1.0,0.4683406,1
1.0,0.4652861,1
1.0,0.46505696,1
1.0,0.4696442,1
1.0,0.4669901,1
1.0,0.48424706,1
1.0,0.47839737,1
1.0,0.47194248,1
1.0,0.4597065,1
1.0,0.46051124,1
1.0,0.45747024,1
1.0,0.4529075,1
1.0,0.45316362,1
1.0,0.4521946,1
1.0,0.4551544,1
1.0,0.4559586,1
1.0,0.46046412,1
1.0,0.4585391,1
1.0,0.46036246,1
1.0,0.46102044,1
1.0,0.47310555,1
1.0,0.48319376,1
1.0,0.69116694,1
1.0,0.55055416,1
1.0,0.5018732,1
1.0,0.48083788,1
1.0,0.46466303,1
1.0,0.46747756,1
1.0,0.45990816,1
1.0,0.45598727,1
1.0,0.45524788,1
1.0,0.45418775,1
1.0,0.4550723,1
1.0,0.46882296,1
1.0,0.4783688,1
1.0,0.5219285,1
1.0,0.6140364,1
1.0,0.62746495,1
1.0,0.6191358,1
1.0,0.6494727,1
1.0,0.670729,1
1.0,0.7089376,1
1.0,0.5721678,1
1.0,0.50326276,1
1.0,0.5423249,1
1.0,0.5148414,1
1.0,0.49397114,1
1.0,0.47076508,1
1.0,0.46889198,1
1.0,0.47989047,1
1.0,0.4867024,1
1.0,0.4859375,1
1.0,0.49297225,1
1.0,0.46455124,1
1.0,0.4628812,1
1.0,0.4687716,1
1.0,0.46982065,1
1.0,0.48037004,1
1.0,0.47144374,1
1.0,0.46843624,1
1.0,0.4667431,1
1.0,0.46310818,1
1.0,0.46627173,1
1.0,0.46395063,1
1.0,0.46751225,1
1.0,0.46361944,1
1.0,0.46621022,1
1.0,0.4647016,1
1.0,0.4688693,1
1.0,0.46708268,1
1.0,0.46438417,1
1.0,0.45877233,1
1.0,0.45887,1
1.0,0.4636252,1
1.0,0.46023738,1
1.0,0.46041325,1
1.0,0.4630231,1
1.0,0.46130335,1
1.0,0.4599156,1
1.0,0.4610027,1
1.0,0.46078503,1
1.0,0.47392964,1
1.0,0.50052774,1
1.0,0.5097586,1
1.0,0.51494527,1
1.0,0.48300475,1
1.0,0.4690743,1
1.0,0.4988802,1
1.0,0.7116224,1
1.0,0.78674245,1
1.0,0.98987997,1
1.0,0.9933711,1
1.0,0.99553704,1
1.0,0.99465805,1
1.0,0.99242204,1
1.0,0.9946583,1
1.0,0.99921215,1
1.0,0.9992731,1
1.0,0.99900776,1
1.0,0.9985671,1
1.0,0.99773055,1
1.0,0.9974051,1
1.0,0.9993376,1
1.0,0.9994098,1
1.0,0.99923635,1
1.0,0.9991221,1
1.0,0.998533,1
1.0,0.9988218,1
1.0,0.9985077,1
1.0,0.99945563,1
1.0,0.9993795,1
1.0,0.99913305,1
1.0,0.99883074,1
1.0,0.99847156,1
1.0,0.9982602,1
1.0,0.9994087,1
1.0,0.9992442,1
1.0,0.99887294,1
1.0,0.99861395,1
1.0,0.99825734,1
1.0,0.9979705,1
1.0,0.99933726,1
1.0,0.9995541,1
1.0,0.9994942,1
1.0,0.9992473,1
1.0,0.99852437,1
1.0,0.99831235,1
1.0,0.9979163,1
1.0,0.99921596,1
1.0,0.9990626,1
1.0,0.99857175,1
1.0,0.9972531,1
1.0,0.9805401,1
1.0,0.9790081,1
1.0,0.99874324,1
1.0,0.99897695,1
1.0,0.9990702,1
1.0,0.9990709,1
1.0,0.9983804,1
1.0,0.9976792,1
1.0,0.9992848,1
0.0,0.9995628,1
0.0,0.99930274,1
0.0,0.99868983,1
0.0,0.9976666,1
0.0,0.997141,1
0.0,0.99714893,1
0.0,0.995663,1
0.0,0.994138,1
0.0,0.9942526,1
0.0,0.928877,1
0.0,0.45127785,1
0.0,0.45121574,1
0.0,0.45573795,1
0.0,0.45466858,1
0.0,0.46219963,1
0.0,0.47340116,1
0.0,0.5331112,1
0.0,0.59831965,1
0.0,0.5730466,1
0.0,0.91767585,1
0.0,0.99710554,1
0.0,0.9987802,1
0.0,0.9985201,1
0.0,0.99868256,1
0.0,0.99790084,1
0.0,0.9973564,1
0.0,0.9975561,1
0.0,0.99713,1
0.0,0.9958032,1
0.0,0.9965791,1
0.0,0.45966294,1
0.0,0.4577091,1
0.0,0.45766082,1
0.0,0.46709,1
0.0,0.47081375,1
0.0,0.49348098,1
0.0,0.4976247,1
0.0,0.4867912,1
0.0,0.4783056,1
0.0,0.47309467,1
0.0,0.50601417,1
0.0,0.47307694,1
0.0,0.47016075,1
0.0,0.4581061,1
0.0,0.45753482,1
0.0,0.45413268,1
0.0,0.45828745,1
0.0,0.46928373,1
0.0,0.46703807,1
0.0,0.47343472,1
0.0,0.46977443,1
0.0,0.46471483,1
0.0,0.46553153,1
0.0,0.4681298,1
0.0,0.4677849,1
0.0,0.47326335,1
0.0,0.4683101,1
0.0,0.46462402,1
0.0,0.45914352,1
0.0,0.45432103,1
0.0,0.46370453,1
0.0,0.4703862,1
0.0,0.48425546,1
0.0,0.47473827,1
0.0,0.4647578,1
0.0,0.45822752,1
0.0,0.45470634,1
0.0,0.45643923,1
0.0,0.46351042,1
0.0,0.46756548,1
0.0,0.4643522,1
0.0,0.4601693,1
0.0,0.46929595,1
0.0,0.47790825,1
0.0,0.5155238,1
0.0,0.5297277,1
0.0,0.71509033,1
0.0,0.49656984,1
0.0,0.57109344,1
0.0,0.51972026,1
0.0,0.46616104,1
0.0,0.46454564,1
0.0,0.46041498,1
0.0,0.46803463,1
0.0,0.49932843,1
0.0,0.5122162,1
0.0,0.59409916,1
0.0,0.5951818,1
0.0,0.5459612,1
0.0,0.6989221,1
0.0,0.74649864,1
0.0,0.83480656,1
0.0,0.816585,1
0.0,0.48995835,1
0.0,0.5259016,1
0.0,0.70574075,1
0.0,0.76659256,1
0.0,0.9029583,1
0.0,0.92360306,1
0.0,0.8340547,1
0.0,0.85566217,1
0.0,0.8136167,1
0.0,0.8102508,1
0.0,0.8213213,1
0.0,0.47238594,1
0.0,0.45933357,1
0.0,0.45511383,1
0.0,0.45621124,1
0.0,0.46462247,1
0.0,0.49313733,1
0.0,0.5012529,1
0.0,0.59103805,1
0.0,0.5106145,1
0.0,0.60738325,1
0.0,0.5885756,1
0.0,0.52945817,1
0.0,0.686783,1
0.0,0.5595203,1
0.0,0.46440288,1
0.0,0.46158177,1
0.0,0.4559506,1
0.0,0.46117455,1
0.0,0.45923153,1
0.0,0.45444307,1
0.0,0.45306104,1
0.0,0.45143372,1
0.0,0.4516263,1
0.0,0.45147452,1
0.0,0.45593205,1
0.0,0.45612124,1
0.0,0.45157203,1
0.0,0.44876856,1
0.0,0.449977,1
0.0,0.448524,1
0.0,0.45497417,1
0.0,0.45533285,1
0.0,0.45551962,1
0.0,0.46462154,1
0.0,0.4604608,1
0.0,0.46207473,1
0.0,0.4700665,1
0.0,0.46415564,1
0.0,0.46638718,1
0.0,0.4861737,1
0.0,0.47314665,1
0.0,0.49187493,1
0.0,0.47111627,1
0.0,0.46629417,1
0.0,0.4643986,1
0.0,0.4614474,1
0.0,0.4686398,1
0.0,0.46949416,1
0.0,0.45783618,1
0.0,0.4542093,1
0.0,0.46107295,1
0.0,0.46847484,1
0.0,0.46875128,1
0.0,0.46656415,1
0.0,0.46338493,1
0.0,0.4758436,1
0.0,0.48873782,1
0.0,0.73778754,1
0.0,0.85650045,1
0.0,0.81197375,1
0.0,0.66195905,1
0.0,0.6308088,1
0.0,0.78894424,1
0.0,0.8827543,1
0.0,0.9656273,1
0.0,0.86666167,1
0.0,0.73227835,1
0.0,0.6419796,1
0.0,0.72181416,1
0.0,0.7284347,1
0.0,0.7107788,1
0.0,0.71232927,1
0.0,0.6627701,1
0.0,0.47299522,1
0.0,0.45856005,1
0.0,0.46096307,1
0.0,0.45947453,1
0.0,0.46114087,1
0.0,0.4571815,1
0.0,0.4611436,1
0.0,0.4638557,1
0.0,0.4664489,1
0.0,0.46496353,1
0.0,0.463695,1
0.0,0.47125784,1
0.0,0.46490195,1
0.0,0.47826985,1
0.0,0.46451235,1
0.0,0.45515397,1
0.0,0.4519736,1
0.0,0.4513176,1
0.0,0.45059156,1
0.0,0.4550878,1
0.0,0.45452625,1
0.0,0.45816314,1
0.0,0.45553896,1
0.0,0.45943847,1
0.0,0.46301237,1
0.0,0.46381867,1
0.0,0.45848146,1
0.0,0.45443144,1
0.0,0.45732647,1
0.0,0.45762786,1
0.0,0.45409885,1
0.0,0.45042336,1
0.0,0.45154145,1
0.0,0.44670457,1
0.0,0.44919515,1
0.0,0.4470473,1
0.0,0.4519134,1
0.0,0.45498896,1
0.0,0.4534038,1
0.0,0.452859,1
0.0,0.45050687,1
0.0,0.4534304,1
0.0,0.45538902,1
0.0,0.47947332,1
0.0,0.46531105,1
0.0,0.46934748,1
0.0,0.46036595,1
0.0,0.46535912,1
0.0,0.46889624,1
0.0,0.50939417,1
0.0,0.5582636,1
0.0,0.64035547,1
0.0,0.61626863,1
0.0,0.86031836,1
0.0,0.8716503,1
0.0,0.5841021,1
0.0,0.5899702,1
0.0,0.4783235,1
0.0,0.49463832,1
0.0,0.54648024,1
0.0,0.50630885,1
0.0,0.50500983,1
0.0,0.47942245,1
0.0,0.48568648,1
0.0,0.49456605,1
0.0,0.56994146,1
0.0,0.6809174,1
0.0,0.5595932,1
0.0,0.4671461,1
0.0,0.45718408,1
0.0,0.45612922,1
0.0,0.45424098,1
0.0,0.45459974,1
0.0,0.45765042,1
0.0,0.4526607,1
0.0,0.45698377,1
0.0,0.45758432,1
0.0,0.4613951,1
0.0,0.46272814,1
0.0,0.46059123,1
0.0,0.45920214,1
0.0,0.46281892,1
0.0,0.46554005,1
0.0,0.46747157,1
0.0,0.46727014,1
0.0,0.459385,1
0.0,0.45626593,1
0.0,0.45832935,1
0.0,0.47957376,1
0.0,0.58180267,1
0.0,0.6302753,1
0.0,0.5846087,1
0.0,0.58682007,1
0.0,0.5380262,1
0.0,0.5277522,1
0.0,0.67409647,1
0.0,0.6465444,1
0.0,0.6714216,1
0.0,0.5090291,1
0.0,0.49466428,1
0.0,0.48667723,1
0.0,0.47738907,1
0.0,0.47173044,1
0.0,0.47250462,1
0.0,0.46764195,1
0.0,0.46198368,1
0.0,0.45623446,1
0.0,0.46048358,1
0.0,0.46100888,1
0.0,0.46270713,1
0.0,0.45848057,1
0.0,0.45665446,1
0.0,0.45836732,1
0.0,0.4607904,1
0.0,0.4607581,1
0.0,0.46176228,1
0.0,0.46300685,1
0.0,0.4634149,1
0.0,0.4679909,1
0.0,0.4712142,1
0.0,0.47497895,1
0.0,0.47065288,1
0.0,0.47720158,1
0.0,0.49138165,1
0.0,0.5941261,1
0.0,0.60379183,1
0.0,0.53186613,1
0.0,0.47683254,1
0.0,0.47107744,1
0.0,0.46576473,1
0.0,0.4646448,1
0.0,0.4623186,1
0.0,0.4611515,1
0.0,0.4620057,1
0.0,0.46010593,1
0.0,0.4609729,1
0.0,0.4610839,1
0.0,0.46244454,1
0.0,0.45919138,1
0.0,0.4648746,1
0.0,0.4643852,1
0.0,0.47005332,1
0.0,0.46545288,1
0.0,0.46161672,1
0.0,0.45659763,1
0.0,0.45889676,1
0.0,0.45758662,1
0.0,0.45387515,1
0.0,0.45623815,1
0.0,0.45335293,1
0.0,0.45475486,1
0.0,0.45626503,1
0.0,0.45703167,1
